:02000004C0D06A
:1000000080B500AF0AF008FC01200AF033FBFEDEE9
:10001000D0B502AF2121CB00C258940841218900FC
:10002000402C0ED8C318E02484541A68521C8A420B
:1000300007D2002181541968891C196009F06AFEF1
:10004000D0BD104600F0B5FEFEDE80B500AF01F079
:100050006BFBFEDE80B500AFC6B08920410001AC6D
:1000600020460CF076FB2046FFF7D2FF00200AF076
:1000700001FBFEDE014601487844704718CB0000C2
:100080007047F0B503AF85B0836819680124002973
:1000900003D02146084605B0F0BD0025EA431A60AA
:1000A000417B0029294603D01D60084605B0F0BDFC
:1000B0002921595C04296AD11946293100241C726E
:1000C000047B01940C705E68316800296FD135465D
:1000D00004C543229200B15802918908039141243A
:1000E000A1000491039940295CD80096B6180395A5
:1000F0000199029AA9543268521C32604468002C5B
:1001000036D005682919029104998A4245D2297886
:10011000039CA15431684A1C32606D1C02998D42C7
:1001200026D004998A4238D22978039CA154316898
:100130004A1C32606D1C02998D4219D004998A4282
:100140002BD22978039CA15431684A1C32606D1C63
:1001500002998D420CD004998A421ED22978039CC0
:10016000A15431684A1C32606D1C02998D42CBD17A
:10017000009A1168491C116001214173817B481E5E
:1001800081411868451C1D60084605B0F0BD00257A
:1001900021461D60084605B0F0BD1046049900F0E8
:1001A00008FEFEDE0298049900F003FEFEDE00F079
:1001B00011FEFEDE0068FEE780B500AFFFF74AFFE4
:1001C000FEDED4D4F0B503AF8FB00191026836499A
:1001D0008A42394D7D444ED3272614460496204644
:1001E00031490BF03EFF039030494143081902901A
:1001F00082B292082E484243520C5300E85C2946D2
:1002000005ADAD192E1F3070C81840787070049E6F
:10021000244842430298101880B240000B5CAA1E8A
:100220000D461370081840785070039A361F214805
:1002300084421446D2D8632A20D990B280081C493F
:100240004143490C17484843801880B240002A5C5B
:10025000B61E05AB9A559A192818407850700A298D
:100260000FD349006A5CB01E05AB1A541A186918FE
:100270004978517009E02726632ADED811460A29F9
:10028000EFD2701E303105AA11542721091A0091AE
:1002900005A90B18094979440022019800F010F8CB
:1002A0000FB0F0BD9CFF000010270000F0D8000048
:1002B0007B140000FFE0F50546C80000DACC000022
:1002C000F0B503AF89B00646C06901240546254054
:1002D000069301D02B2301E011231B040793BB6875
:1002E0000593ED18430704D400213368002B25D172
:1002F00040E0002A12D008950325154010D0039243
:100300000022049189564023DB43994200DC1446C5
:10031000012D07D10499039A089D0BE0002409E000
:10032000089D07E0012204998A569A42039A089D83
:1003300000DD641C65193368002B1BD07368AB4269
:1003400018D900072ED42020305C5B1B0392049147
:10035000810002A2515851188F46C046A8000000E3
:1003600010000000A200000010000000002118464C
:100370000B4647E074690B46B56900922046294652
:10038000079A00F08AF8002803D00125284609B012
:10039000F0BDEB6820460699059A98470546284621
:1003A00009B0F0BD03932C462020335C0293012357
:1003B00004933354306901903020306170690B46EA
:1003C000B569009208902946079A00F066F800285F
:1003D00003D0049D284609B0F0BD30462030079078
:1003E0000398001B441C641E3BD02A6930210898E6
:1003F00090470028F7D0049D284609B0F0BD580862
:10040000591C4B080293451C306908907469B66901
:100410006D1E06D032692046089990470028F7D013
:10042000B3E70398009020463146079A049B00F0FA
:1004300034F801250028A9D1F36820460699059AC9
:1004400098470028A2D100250299A9421AD0326902
:1004500020460899904702996D1C0028F5D0681E27
:1004600011E0EB6808980699059A98470028049DC2
:100470008CD10298079908700198306100252846B0
:1004800009B0F0BD0846884203D30025284609B0CC
:10049000F0BD0125284609B0F0BDF0B503AF81B02D
:1004A0001C460E46054611200004824208D03369DE
:1004B000284611469847002802D0012001B0F0BD1F
:1004C000002C06D0BA68F36828462146984701B048
:1004D000F0BD002001B0F0BDF0B503AF8DB0154602
:1004E000034680681E683246024306D158699A69FD
:1004F000D3682A4698470DB0F0BD039306910028B3
:100500007ED008960295069A541911200304039888
:10051000C068451C002110461A4609930B9404E05C
:10052000581CC91A0918964232D003466D1E35D0A0
:10053000A3422DD000201856C6B20028F0D55C7812
:100540003F200C9004401F203040DF2E14D90A9128
:100550009A780C990A40A401A418F02E11D3DA78E5
:100560000C990A40A401A2184007C00A1618099A5B
:1005700096420DD0181D08E080010619981C0B9CAE
:10058000CFE700032618D81C099A0B9C0A99C8E7E4
:10059000029D0398089E002E36D108E3A342029DD7
:1005A000F7D000241857002816D5C0B2E02813D37E
:1005B000F02811D35A78DD783F262E40029D92060E
:1005C000920B9B789B061B0D9A1892194007C00A44
:1005D0001018099A9042DCD0002909D0A94206D20D
:1005E000069840563F22D243904201DA01E000D102
:1005F000069C002C00D00D46002C089E00D00694CE
:100600000398002E00D1D2E24168102D029501918D
:1006100009D2002D31D003232E461E40042D2ED2A8
:100620000024214691E20322D34328460699CD1C9B
:100630000B931D406B1A0C93C31A1E46089216406A
:1006400000208D42024600D1D6E0099605900A931B
:10065000089BC84328180022032807922AD207982B
:1006600009564020C043814200DD521C0C990129EB
:10067000099E00D0AFE00A9BBDE0002484E20C9606
:100680002E460024069A1157012528465557402228
:10069000D243954200DC2046914200DD401C3546A5
:1006A0000C9E0221069C6156914200DD05E20699EE
:1006B000044605E20022164602E006991036CED026
:1006C0008C574020C043844200DD521C8C1901210C
:1006D0006156814237DC02216156814238DCE156A5
:1006E000814239DC0421615681423ADC05216156A0
:1006F00081423BDC0621615681423CDC0721615688
:1007000081423DDC0821615681423EDC092161566F
:1007100081423FDC0A216156814240DC0B21615657
:10072000814241DC0C216156814242DC0D2161563F
:10073000814243DC0E216156814244DC0F21615627
:100740008142BADD45E0521C022161568142C6DD7C
:10075000521CE1568142C5DD521C04216156814282
:10076000C4DD521C052161568142C3DD521C0621A5
:1007700061568142C2DD521C072161568142C1DDB2
:10078000521C082161568142C0DD521C092161566C
:100790008142BFDD521C0A2161568142BEDD521CDE
:1007A0000B2161568142BDDD521C0C2161568142F4
:1007B000BCDD521C0D2161568142BBDD521C0E2155
:1007C00061568142BADD521C0F216156814200DC24
:1007D00073E7521C71E70121069C615681420A9B16
:1007E00000DD521C0C99022905D00221069C61569D
:1007F000814200DD521C0598002E1DD0284635464A
:100800000B9919400C904018002681574024E4436E
:10081000A14200DD01262946012D0BD001214156C0
:10082000A14200DD761C022D04D002214056A042D8
:1008300000DD67E130460C9D9E0880180C90F94958
:1008400011E00022361BC518100AF84B1A40184058
:100850008018F54A5043000C0C9A82180C920B9B9E
:10086000002B00D0FEE0002E00D1F8E02846C02E7C
:10087000344600D3C0242246089D2A40A300042CFD
:1008800009900B92DDD307931A46103A13095B1CAB
:10089000302A049605940A9303D200222E46054678
:1008A00078E0AB43002205466E68B009F643F609CE
:1008B00006430E4028688409C043C009204308400D
:1008C00080183018AA689409D243D20922430A40FA
:1008D0001018EA689409D243D20922430A4010183A
:1008E0002A699409D243D20922430A4010186A693E
:1008F0009409D243D20922430A401018AA699409E4
:10090000D243D20922430A401018EA699409D2431B
:10091000D20922430A4010182A6A9409D243D20904
:1009200022430A4010186A6A9409D243D20922432A
:100930000A401018AA6A9409D243D20922430A40F5
:100940001018EA6A9409D243D20922430A401018C7
:100950002A6B9409D243D20922430A4010186A6BC9
:100960009409D243D20922430A401018AA6B940971
:10097000D243D20922430A401018EA6B9409D243A9
:10098000D20922430A40121840351B1F8CD1089E01
:100990000998059C0A9B33400A93079B049E00D14B
:1009A00050E768688309C043C009184308402B68B2
:1009B0009C09DB43DB0923430B409A188018AA6883
:1009C0009309D243D2091A430A401018EA689309DE
:1009D000D243D2091A430A4012180A9B012B3AD07B
:1009E00068698309C043C009184308402B699C0902
:1009F000DB43DB0923430B409A188018AA6993094B
:100A0000D243D2091A430A401018EA699309D24323
:100A1000D2091A430A4012180A9802281BD0686AA1
:100A20008309C043C009184308402B6A9C09DB4373
:100A3000DB0923430B409A188018AA6A9309D24312
:100A4000D2091A430A401018EA6A9309D243D2091C
:100A50001A430A4012180998059C079BF2E6029D6A
:100A60000C9C91E0FC200440A200099DA8581C4663
:100A70008309C043C00918430840012C11D0AA18AB
:100A8000254653689C09DB43DB0923430B401818B8
:100A9000022D06D092689309D243D2091A430A4024
:100AA0001018029D0C9C010A604A10401140081861
:100AB0005D494143080C041966E00446441C06994C
:100AC000C956914200DD641C2946994304293CD053
:100AD00020460523069EF35604243457944200DD35
:100AE000401C0C9E934200DD401C0623069CE356EE
:100AF000934200DD401C0723069CE356934204DC2E
:100B0000044604E03046701C95E60446441C08295F
:100B10001BD020460923069EF356082434579442DE
:100B200000DD401C0C9E934200DD401C0A23069C05
:100B3000E356934200DD401C0B23069CE356934290
:100B400001DC044601E00446441C002E1CD0069A39
:100B500053564022D243934200DD641C012E13D031
:100B6000204601230B43069CE356934201DC0446D6
:100B700001E00446441C022E06D0022001430698E0
:100B80004056904200DD641C0198A0420ED9031B20
:100B900020200399095C00207944097949008F4499
:100BA00012010F12002118460B460CE00398416910
:100BB0008069C368084606992A4698470DB0F0BD7B
:100BC0005808591C4B080B93461C039801690C915B
:100BD00044698569761E06D02A6920460C9990479B
:100BE0000028F7D01AE0EB6820460699029A984749
:100BF000002813D100260B99B14209D02A6920465A
:100C00000C9990470B99761C0028F5D0701E00E0D7
:100C10000846884202D300200DB0F0BD01200DB07F
:100C2000F0BDC0460101010101000100FF00FF000D
:100C300080B500AFFFF7C0FAFEDE80B500AFFFF76A
:100C4000BBFAFEDEF0B503AF91B0202408AD03235C
:100C500005952B550C9400230DAC0BC40A930893F7
:100C600010690790002866D05069002800D186E0FE
:100C70000599203105911F21C906431E8B43591C3C
:100C80000191400104909068069002921668002439
:100C90007268002A06D00E98C36831680D9898478C
:100CA00000287BD107980019017F059A117001690E
:100CB0000C9181690F918368C2680021002B0ED0CE
:100CC000012B0B460CD1D500069A52195268364BAF
:100CD0007B449A420B4603D1069A5259126801236B
:100CE00009920893079A13594268002B0FD0012BE1
:100CF0000FD1D200069B03929A1852682B4D7D4467
:100D0000AA4207D1039959580A68012102E001213A
:100D1000FFE7069B0B920A914069C1005858591889
:100D20004A6808A99047002838D12034083604982A
:100D3000A042ADD121E0D068002820D09468C10045
:100D4000651807214907401E8843401C0190029204
:100D500016687268002A06D00E98C36831680D982C
:100D6000984700281AD105CC08A9083C90470028CC
:100D700014D108340836AC42EBD1029A019B50687A
:100D800083420ED21146D8000A68115810184268E2
:100D90000E98C3680D989847002802D0012011B022
:100DA000F0BD002011B0F0BDE1F4FFFFB3F4FFFF90
:100DB000704780B500AFFFF7FFF9FEDE80B500AFEA
:100DC00048698969CB68024979440E22984780BDF9
:100DD000F4BB000080B500AFFFF7EEF9FEDED4D41F
:100DE000F0B503AF91B015460C9151420591511EDB
:100DF0000491911E0391D11E0291016808914168EE
:100E0000079180680A900020012101910346024663
:100E100004460B900D9512E05018401E03780A3BD3
:100E2000584258410A9B18700798C3680898984719
:100E3000002833460B980D9D0F9A00D0F5E0002C4A
:100E400000D0F3E0AA420E9305D9D0E0AA420B9855
:100E50000E9B00D9CBE00C998918AC1A082C21D232
:100E6000954200D1DDE00598164680180023CA5C43
:100E70000A2A48D0C218541C00D3B4E0CC186578B4
:100E80000A2D42D0951C00D1ADE0A5780A2D3FD0A7
:100E9000D21C00D1A7E0E2780A2A3CD01B1DC21860
:100EA000E5D1A0E0CB1C03208343581A0F9206948F
:100EB00025D0002823D0CC43E4185B1A9D1E109542
:100EC000DB1E09930023CD5C0A2D77D09C4212D003
:100ED000CD186E780A2E21D0109E9E420BD0AE788F
:100EE0000A2E1DD0099E9E4205D0ED780A2D19D0FC
:100EF0001B1D9842E7D1069A083A109214E0083C6C
:100F00001094002012E0324658E05B1C324655E057
:100F10009B1C324652E0DB1C32464FE05B1C4DE02E
:100F20009B1C4BE0DB1C49E0904213D80C58254633
:100F30003F4A55403F4BED18A5430C1864682646C0
:100F40005640F618A6432E433B4A164202D10830BB
:100F5000109AE9E7069A904245D00A1804990F9D25
:100F6000491B0B1A0399491B0C1A0299491B091AB0
:100F700010910D99091A491B09910021555C0A2D00
:100F80001AD08B422FD055186E780A2E0FD08C4273
:100F900029D0AE780A2E0CD0109E8E4223D0ED7848
:100FA0000A2D08D0091D099D8D42E7D11BE0491C7F
:100FB00002E0891C00E0C91C0F9A0B18D018421CD3
:100FC0000D9DA84200D341E70C99085C0A2800D087
:100FD0003CE7002416460F9215460E9B0A980078AF
:100FE00000280DD116E00D9D2A460B980E9BAB42B2
:100FF0001CD00F9201241E460A980078002809D0C0
:101000000798C3680D4979440422089898470E9BB5
:1010100000280AD10C98C118EA1A00D0FCE600207A
:1010200000E72A46AB42E4D100E0019811B0F0BDE0
:101030000A0A0A0AFFFEFEFE80808080F2B90000E4
:10104000F0B503AF81B060C80468207800280CD0E8
:101050000091F3680A497944042228469847009988
:10106000002802D0012001B0F0BD08460A384242F3
:101070004241227032692846904701B0F0BDC04617
:10108000A2B9000080B500AF0A4602497944FFF7D3
:10109000D9FD80BD44B9000080B500AFFFF78CF8E2
:1010A000FEDE80B500AF00F001F8FEDE80B500AFD7
:1010B00082B0FF240234A14213D30446FD34032539
:1010C00066574025ED43AE420BDC0226A657AE42E2
:1010D00007DC0126A657AE4203DC0026A457AC422B
:1010E0002DDD8A4203D88B4201D89A4202D9FFF7FC
:1010F00063F8FEDE002A06D08A4204D284563F25D9
:10110000ED43AC4200DB1A468A420B4645D2D31E61
:1011100000D20023541CA34204D918462146FFF7ED
:1011200048FEFEDEA34237D0C51804190195641BA2
:1011300085564026F643B54206DD651E2CE00022AA
:10114000FD23FFF7AEFFFEDE934225D08218002577
:10115000ED435557B54201DDA51E1DE00092551E19
:10116000019AAA4218D00125ED43009A5557B5427D
:1011700001DDE51E10E0951E019AAA420CD0022561
:10118000ED43009A5557B54201DD251F04E0D21EFC
:10119000019D954200D0651FEB18002B08D10A462F
:1011A000002A0ED1194878442B21FFF741FDFEDEBD
:1011B000994223D9C2564024E443A24220DDCA1AF0
:1011C000EEE7C01800214156002990D5C9B2E029A8
:1011D0008DD3F0298BD34278C3783F241C409206EC
:1011E000920B80788006000D101800194907C90A73
:1011F0004018112109048842D4D078E7CA1ACFD008
:101200001A460B46FFF74DFFFEDEC046FAB9000056
:10121000F0B503AF93B0019114C8404B0021404892
:10122000101A204688414248784402904BD3254604
:1012300008912724079410460695294615460392DF
:10124000374A089E33460BF0CAF904900591354A97
:1012500033460AF0CBFE401981B28908324A514325
:10126000490C4A00029DAB5C09AE3619341F23704D
:101270002A4BAA1852786270079C5943081880B20A
:101280004000295CB21E1170281840785070241F4D
:1012900026480399401A08980699884104980246FE
:1012A000059DC7D30246632A10D810460A2823D3C7
:1012B0004000029D2A5CA11E09AB5A545A182818F6
:1012C000407850701CE02724632AEED990B2800841
:1012D00015494143480C4343991889B24900029E7D
:1012E000725C2546A51E09AB5A552C465A19711831
:1012F000497851700A28DBD2611E303009AA505457
:101300002720401A009009A843180A49794400226E
:101310000198FEF7D5FF13B0F0BDC0469CFF00005A
:1013200010270000F0D800007B140000FFE0F50556
:10133000F2B7000064BC00000278012001462B2AAD
:1013400001D02D2A00D17047303A0121092A0846E0
:1013500000D80020092AF6D81146704700234371AF
:10136000016002717047D4D480B500AF86B00E48DA
:1013700009F028FC8021415C0278A52A01D0A5292A
:1013800008D1A52A02D08030A52906D140300078A6
:1013900006B080BDFEF710FFFEDE00210091694619
:1013A00000F004F8FEDEC04680D1D0C080B500AFAA
:1013B00082B00A46684601A9FFF73FFCFEDED4D49E
:1013C000F0B503AFA1B0036801AA01A8CC69E50696
:1013D00019D4A20623D41B78642B39D3292058436F
:1013E000020B6320C0435043C018C0B24000354BCD
:1013F0007B441C5C252501AE7455181840782536B1
:101400007070242028E07E3218780F2303400A2BC6
:1014100011D35724E3185370030911D12AE07E3009
:101420001A780F2313400A2B1BD33724E318437079
:1014300013091BD11EE03024E3185370030919D09F
:10144000A02801D3572000E03020C018107017E00A
:101450000A2B1ED226201A463023134301AA135406
:1014600022E03024E3184370130903D0A02A04D3E8
:10147000372203E07F20012204E03022D2180270DC
:101480007E200222009201AA1318104C7C440222F2
:1014900012E05A000E4B7B449C5C252001AD2C547D
:1014A0009A18527825356A702722121A009201AADA
:1014B0001318054C7C44002208462146FEF700FF25
:1014C00021B0F0BD2AB60000BCBA000054B800003C
:1014D00084B50000B0B502AF04460078011FCAB25F
:1014E000042A00D30221C9B2002502290CD30AD153
:1014F00003280BD1FFF738FFC0B2401E41424141E3
:1015000021702846B0BD01252846B0BD022809D06B
:1015100001280BD10A48784400F014F80025257002
:101520002846B0BD032020702846B0BD034878444B
:1015300000F008F8012020702846B0BD5EB600001B
:10154000F9B50000F0B503AF81B005461B4809F0BE
:1015500039FB04460078A52803D08021615CA529C9
:1015600028D1009526468036154979440122A528C0
:1015700007D0204609F074FB20464030254634460B
:1015800005E0304609F06CFB2046C03035460126A8
:101590000099324609F064FB0A49794428463246EC
:1015A00009F05EFB084979442046324609F058FBB1
:1015B00001B0F0BDFEF700FEFEDEC04680D1D0C017
:1015C000A5B5000076B5000069B500000A1FD3B2CA
:1015D000042B00D30222D2B27A44127952009744EB
:1015E00001220E2F3049794400220260416001211E
:1015F00004222E4B7B4401748360C2607047C9B2E1
:101600007944097949008F44012835420D212E4A39
:101610007A4402604160002108222C4B7B44017413
:101620008360C26070470721214A7A4402604160AA
:10163000002105221F4B7B4401748360C260704708
:101640001D497944002202604160012104221B4BA4
:101650007B4401748360C26070470D211C4A7A4448
:1016600002604160002107221A4B7B4401748360B1
:10167000C26070471849794400220260416001212C
:101680000422164B7B4401748360C26070470C498E
:10169000794400220260416001210822094B7B4409
:1016A00001748360C26070479EB8000008B40000F7
:1016B00062B800005DB800000AB90000A4B30000E1
:1016C00038B80000E6B60000C0B8000060B70000FF
:1016D00072B8000073B800009EB8000080B300002C
:1016E000C0B2411E88417047002202740B4B7B44FC
:1016F0008360C260C9B2002907D006224260002977
:1017000007D107497944016070470A2242600029E5
:10171000F7D00449794401607047C04682B80000A0
:1017200050B800004AB80000F0B503AFFFB0FFB0FA
:10173000EBB0A748684413908B2041001DAD2846AC
:101740000BF007F8292263A90420885400220A72AA
:10175000649563926EA907230E4611934B739C49BF
:10176000694408709B49694415920A7001211791D8
:101770006E91109000F0F8FB6E98401E6E901D98D0
:10178000002800D0B6E32120C0002C1843208000A0
:10179000314630180E904D20800032186B208000AA
:1017A000331873208000301805901F200001301876
:1017B000099035200001301806903046083012900C
:1017C000281D1C90304671300B90304694300790A5
:1017D0003046B8300890E8310F917F486844811D49
:1017E00018916EA90D46783504950D46D8350195AA
:1017F000D03102910D9214320C920A931C33039350
:10180000C01C1990179800021A90412080001B906C
:101810001598C1431691149010E06E496944002256
:1018200014920A706E901398006800F09DFB6E98F9
:10183000401E6E901D98002800D05BE316981D9006
:101840006548684480210AF084FF159863498871CF
:101850000870488007E0032129546068801C60609C
:10186000284608F057FA09F04DFA012810D009F07F
:1018700049FA01280CD05A48684400210171C1700E
:1018800002228270417060210170052109F030FA56
:10189000514D6D44802100262846324609F03CFA1D
:1018A0002878411F112900D9D5E06878AA7812025A
:1018B000101849007944898849008F441100CC00F0
:1018C000CC00CC00CC00CC00CC00CC00CC0074010F
:1018D00022006300CC00CC00CC00CC00CC004B003C
:1018E000207B3D496944C9784A0801461143217368
:1018F00000285CD0002A00D177E0032A00D0AAE0BB
:10190000BBE180B21A99884200D0A4E03248684412
:10191000C078401E072800D99DE0C0467844007971
:1019200040008744038D9891989898950121CD4D5A
:10193000284609F0BBFB284609F098FB2748807928
:10194000002800D087E025488683C660066146618E
:10195000866180E02149097800297CD10A251F4A47
:1019600015700621917100BA060C7D2E00D37D26DC
:101970001A4846801C98199932460AF040FE002DFC
:101980006FD170E700BA000C022864D9124868448D
:10199000C2787F2111400079042830D0022844D039
:1019A000012858D1AF48189909F06DFA53E0032A7D
:1019B00051D80221900002A2105812181798974689
:1019C00024000000C0020000C6020000CC0200009B
:1019D0001005000014050000180500000402002096
:1019E000980500000020207335E02673012800D1FF
:1019F00045E1022800D145E103282CD145E1062923
:101A000029D2F4484018F44A6A44527902731A9869
:101A1000001D934B6B4498801C98914A6A44106057
:101A20009048189A09F05CFA15E0062913D248008C
:101A3000E84A101846828B48189A09F0ACFA0AE076
:101A4000884809F03AFB06E0864809F032FB02E0DC
:101A5000844809F030FBDF4805784688002D00D126
:101A600001E7002E00D1FEE62660042E0DD260684C
:101A70001B99884200D340E26E221C9D2A54606864
:101A8000401C884200D2E6E637E21B9A24D01DA80B
:101A9000007A002803D0401DB0420DD81CE0052E6E
:101AA0001AD0062E08D01DA8417A807A000241186B
:101AB00002D0C81DB0420CD96068904200D31FE22A
:101AC0006E211C9D29546068401C904200D2C2E6E1
:101AD00016E2FE2900D313E2607B002804D0A07B2D
:101AE0001DA90979814218D11E98BC4908421C9D44
:101AF00006D1010AC8B204281DD3FE3802281AD321
:101B00006068904200D3FBE16E2129546068401C5C
:101B1000904200D3F4E101219EE6606890421C9D52
:101B200000D3EDE16E2129546068401C904200D33F
:101B3000E6E1002190E61D98401C1D906E9800285B
:101B400000D0E5E116986E9063AAA54B6B441298FD
:101B500000F084FA0E466E99491C6E91000448D03C
:101B6000002900D0D4E116986E906EA8407B07281B
:101B70001B9B6BD16EA8119941736E98401C6E909F
:101B80001D98002800D0B5E116981D906068984215
:101B900000D3B9E1310A29546068401C984200D34F
:101BA000B2E12E5439E01D98401C1D90E94868446C
:101BB000179901701399CE6009F074F8042009F0A8
:101BC000CDF8AA2800D135E6042009F0C7F89728F7
:101BD00000D1A7E1002800D1A4E16E98DA4988423B
:101BE00000D387E1401C6E906EA8407B072829D166
:101BF00019E61D98002800D07CE116981D906068B9
:101C00001B99884200D378E190222A546068401CD6
:101C1000884200D371E1002129546068801C606013
:101C2000284608F077F81D98401C1D906E98C6490C
:101C3000884200D35EE1401C6EA9497B072900D190
:101C4000EBE56E90149800F0CBFDF0E5C01E032884
:101C500090D8C046784400794000874405497EAD5D
:101C600098050000780200200F984068002800D1F5
:101C700080E700200F9948607CE7022106E00326F8
:101C8000314603E01098014600E005211D98401CF4
:101C90001D906E98AC4A904200D32BE1451C6E9586
:101CA0006EA8407B072814D1A848684400F028FE9D
:101CB000002800D043E16E98411E6E91002800DCA0
:101CC00018E16E906EA8407B072800D1ABE5149810
:101CD0000AE09F48684400F0FDFD002800D017E1AD
:101CE0006E959B4868440078149000F079FD9EE55D
:101CF0000D98407F811F022900D27AE0052800D18B
:101D00007EE0042800D035E70A98007C062800D140
:101D10009CE0052831D10998007F032800D095E088
:101D20000998007E032800D090E0059A906941420E
:101D30004141107D401F421E9041084304D1099843
:101D400000680168491E016005980068002800D1FC
:101D50007CE000200599086078E00D98407F811FA5
:101D6000022946D305284BD0042800D002E70A9860
:101D7000007C06286AD00528CDD0032847D10998D1
:101D8000007F032843D10998007E03283FD1059A9C
:101D9000906941424141107D401F421E90410843DD
:101DA00004D1099800680168491E01600399086818
:101DB0000028084629D12AE00B980078001F072840
:101DC00000D9D7E6784400794000874445290B299B
:101DD0000B0B0B5F0402002018050000FF00FFFF43
:101DE000100500008798002800D1C3E600208790E6
:101DF000C0E60F984068002802D000200F99486084
:101E00000C9908680028084601D0002101600E984E
:101E10000069002800D1ADE600200E990861A9E60E
:101E2000069800780328DDD10798007E0328D9D1D1
:101E30000898007804282ED00328D3D10898007D74
:101E40000328CFD1029800F08BFB51E00A99086873
:101E500000280846D9D1DAE7089800780328C1D1CC
:101E600007980068414241410B98C07F401F421EC5
:101E70009041084304D10798C0680168491E016079
:101E80008D980028AED000208D90ABE7049800F02C
:101E9000FDFB1B9B6EE60898007B042820D00328DE
:101EA000A0D10F98007803289CD10D9800780328C2
:101EB00098D10E9A5068414241411078401F421E0D
:101EC0009041084304D10E9800690168491E0160E1
:101ED0000F98C068002885D000200F99C86081E75E
:101EE0000898007F032800D07CE7019800F05EFB93
:101EF0001B9B77E7FEF76EFFFEDEFEF75AFFFEDE66
:101F00001146FEF756FFFEDE1946FEF752FFFEDED3
:101F10001148784410210F4A6A44104B7B44FFF764
:101F2000BBF8FEDE032008F0D5FE0D4878442B21D7
:101F3000084A6A440B4B7B44FFF7AEF8FEDE0020F4
:101F400008F098FBFEDEC046FFFFFF7F1005000093
:101F500014050000180500009EAD0000B4AD00009F
:101F600053B0000026B10000F0B503AF8DB0019072
:101F700008F0C8FE012808D10022089207920692B4
:101F8000059205A8102108F0C7FE05AE00243471A3
:101F90007471B47634830120029030738020F08015
:101FA0000321059129480A9009942020079004A84C
:101FB0001C258570447065220270039108F098FE1C
:101FC0003046294608F094FE05AD28460199FFF7F2
:101FD000FDFA287C0190089D079E0698059A002A24
:101FE0000FD005A9029B0B77194B0B930A9009920E
:101FF00002200790069403980590084607F0A8FF72
:1020000001E008F01BF805A8047711480B900220A6
:1020100007900F210691039905910A950996019958
:10202000002906D005A9029A0A770B224A830A954D
:10203000079005A807F08CFF0648784407F0FEFFDC
:102040000548784407F0FAFF0DB0F0BDFFFFFF0030
:1020500080000B001AB00000AAAF0000F0B503AF7B
:1020600091B00A900C93E848C41D0B9210680123AC
:10207000002803D01846214611B0F0BD0993002571
:10208000EE43166053681868002804D0156009985C
:10209000214611B0F0BD089507941E601068401CE1
:1020A00010602120C2009C58042C00D086E0079CC0
:1020B000E9E00B980168002900D02EE229220426CD
:1020C0008654089901600A9D68790728DFD0079235
:1020D000FF204A302818039028460B3002902846EB
:1020E0006930059028468C3001902846B030069023
:1020F0002846F4300490C548784408F063FD6879B8
:102100002A4640007844808840008744060009023F
:1021100017024F0022010F0146011079032800D950
:10212000F7E04000784480884000874403000A01BB
:10213000F80031010020069E03907063B448784493
:10214000FFF7FAF8C00700D0F0E1284605950830FF
:1021500001220092726301900170AE487844FFF74B
:10216000EBF8C00700D0E1E10220706305984172EE
:10217000F3487844FFF7E0F8C00700D0D6E16120CB
:10218000029AD070742090706F2050706920107087
:102190000720049A039B9370009B1380059A917209
:1021A00011687063019BB363F06331641046E830DB
:1021B000FDF767FF002835D00326F5E0187A0028E0
:1021C000099D15D0401DA04244D81868401C1860D5
:1021D0000B980368002B06D1066043681C68002C2E
:1021E00029D0089901602846079C214611B0F0BD0E
:1021F000052C00D15BE7062C2CD0587A0690987AF3
:102200000002069D4019099D069023D00698C01D26
:10221000A0421FD8069CFE2CD7D341218900FEF78F
:10222000C8FDFEDE0699486B00282A4600D19BE0D7
:102230000020486398E01E600468641C04609A589B
:10224000042A00D164E1187A002800D13EE1401D43
:10225000904207D91868401C1860BC4C284621469B
:1022600011B0F0BD1846093000780428079C00D949
:1022700046E1400078448088400087440400120012
:10228000F30000010D011868401C18600DA80173CF
:102290000BA90F910CA90E910AA90D9100F043FE14
:1022A00007E71868401C18600B990A68A648824224
:1022B00000D332E12922895C022900D023E10B9A64
:1022C0001168814200D328E1491C116006925668CA
:1022D0003168814200D320E1481C314601C10DA87C
:1022E000059007F0FFFD0D98002800D1E1E00E9861
:1022F0003168491E3160069A1168491E1160212813
:1023000000D200E10B9800F029FE002800D0D0E6B2
:10231000F9E0FE2828D0002008F0ACF9FEDE00200D
:1023200003994870087010680499086516460836C5
:10233000304600F09BFE002801D0052634E03046F0
:102340000FE001200399487000200870106804997C
:10235000086510460830069000F088FE002823D15A
:10236000069801F09DFB2A46012050710B990A68DE
:10237000754B9A4200D3D0E0079A895C042900D1BA
:1023800079E60A9801F02AFC0898214611B0F0BDC0
:10239000002005990870106850661046083001F05A
:1023A00055F9002820D006266E710B990A686648F8
:1023B0008242079B00D3B0E0C95C0429099D09D083
:1023C0000B990A68824200D3A7E0C85C01280898EC
:1023D00000D050E65E480488002C01D15948C41D45
:1023E0002846214611B0F0BD05980078001F072847
:1023F0002A46069BB8D8C0467844007940008744F6
:10240000160B100B1010102C0268000098AA000088
:1024100016AD0000F9AC00001046703001F09EFBD4
:102420002A46D06D00289FD00898D0659CE7187880
:102430000328F6D10598C07F052808D101980068C7
:10244000002804D00198C0680168491E0160506FDF
:102450000028E6D008985067E3E71046703000F097
:1024600015F980E71868401C18600B980168364A17
:10247000914252D22921405C022844D119E61868C1
:10248000401C18600B9801682F4A914245D22921BF
:10249000405C032837D10CE61868401C18600B9884
:1024A0000168294A914238D22921405C00282AD16A
:1024B000FFE5059884883068401E306006990868FA
:1024C000401E08602846214611B0F0BD062A00D102
:1024D000C0E6052A1CD0587A9C7A2402241800D120
:1024E000B8E6E01D904200D9B4E6FE2C00D394E695
:1024F00018460B30099D00780428079C00D8B8E6E0
:102500001868401C18600F4C2846214611B0F0BDD9
:1025100000200146FEF74DFCFEDEFEF75BFCFEDE12
:102520000C4878442321FEF783FBFEDE0A487844FA
:102530002B210DAA094B7B44FEF7AEFDFEDEC04603
:10254000E4AC000002680000FFFFFF7F036E0000A4
:1025500000020020CAA5000051AA0000DEA600006B
:10256000D0B502AF047C0346383301465C310246E5
:102570008432032C03D0042C01D0052C15D11B78F8
:10258000032B12D11278032A0FD10978052906D11D
:10259000016E002903D0C16E0A68521E0A60416CA8
:1025A000002902D0443000210160D0BDF0B503AF56
:1025B00081B02821415CCD1E032D32D80446283439
:1025C0000246583201467C310346A4337D442D79BE
:1025D0006D00AF4401092028247B042C26D138301B
:1025E00000F0E6F901B0F0BD0B7E032B19D1097D97
:1025F000032916D1117C052906D1C16E002903D00B
:10260000816F0A68521E0A60416D002909D00021BD
:10261000416501B0F0BD217D032902D1403000F0B9
:102620002BFA01B0F0BD247B042C18D0032CF8D178
:102630001278032AF5D11A78032AF2D10A78052AEA
:1026400006D14A68002A03D009690A68521E0A6046
:10265000416E0029E5D00021416601B0F0BD0B7B41
:10266000032BDED1097A0329DBD11179052906D1A3
:10267000016E002903D0C16E0A68521E0A60816C87
:102680000029CED00021816401B0F0BDF0B503AFC8
:1026900081B075218D00465D0A2E35D83321C900E1
:1026A0004418892292008118932292008218009285
:1026B0009D239B00C218B60002A39E599B19264673
:1026C0009F46C0463A00000044000000440000005D
:1026D00048000000760000003A0000003A000000C8
:1026E000A20000002C0000002C0000002C000000C4
:1026F000706B002803D034463434002020603068EA
:10270000002801D00020306001B0F0BD15235B012E
:10271000C01800780328F2D100991079052806D155
:102720009068002803D0506903685B1E03608869C5
:102730000028E4D00C461834DFE70A78032ADED1FB
:1027400044197F239B00C0180378052B06D14368EA
:10275000002B03D0006903685B1E0360206900281A
:10276000CDD01034C9E7009D1346087F06280A46DD
:102770002FD0052817D00328C1D11A46187F032867
:10278000BDD1107E0328BAD1287E05282C4606D15B
:10279000E069002803D0186803685B1E03602068A6
:1027A0000028AAD1ABE7187F032812D1187E03288E
:1027B0000FD12946287E052806D1C869002803D0F4
:1027C000186803685B1E03604868002801D0002079
:1027D0006860D068002892D00C3214468DE7D4D4BB
:1027E000F0B503AF8DB0019008F08CFA012808D144
:1027F0000022089207920692059205A8102108F07F
:102800008BFA05AE002434717471B47634830120E0
:10281000029030738020F0800321059129480A90AE
:1028200009942020079004A81C2585704470652217
:102830000270039108F05CFA3046294608F058FA15
:1028400005AD28460199FEF74FFF287C0190089DB1
:10285000079E0698059A002A0FD005A9029B0B77C0
:10286000194B0B930A900992022007900694039843
:102870000590084607F06CFB01E007F0DFFB05A8B8
:10288000047711480B90022007900F2106910399BD
:1028900005910A9509960199002906D005A9029A81
:1028A0000A770B224A830A95079005A807F050FB88
:1028B0000648784407F0C2FB0548784407F0BEFBA1
:1028C0000DB0F0BDFFFFFF0080000B00A2A70000CD
:1028D00032A7000080B500AF0246C9B2052907D073
:1028E0000020042908D0032905D10020107080BDE4
:1028F0001078FEF7F5FE80BD0121117080BDD4D4A3
:10290000B0B502AF0546C8B205281BD00024042884
:102910001ED003281AD12978081FC2B2042A00D376
:102920000220C2B20720C0467A441279520097446E
:102930003721011D022929D0032930D10520287013
:102940002046B0BD2846FEF7C5FD04462046B0BD72
:102950002978081FC2B2042A00D30220C2B205207F
:102960007A441279520097441F0109050320287008
:102970002046B0BD042028702046B0BD022905D0F5
:10298000032910D1072028702046B0BDFEF7ECFCCB
:10299000C0B2411E4842484128702046B0BD0220C6
:1029A00028702046B0BD022028702046B0BDD4D487
:1029B000F0B503AF81B057218900415CCD1E0E2DCB
:1029C0004ED80321C901411869229200821873234D
:1029D0009B00C318044688347D442D796D00AF44B4
:1029E0001C353A3A3A1C410707071010103A3A00D2
:1029F000A06E00282FD00020A066206800282DD1CE
:102A00002EE04B21890040180168002923D00021C5
:102A100001602068002821D122E0087803281AD11B
:102A20001878032817D11078052806D15068002897
:102A300003D010690268521E0260C86800280AD0DC
:102A40000020C8602068002808D109E00B21490156
:102A5000401800F0D3F82068002801D00020206042
:102A600001B0F0BD0B214901401800F03BF920688E
:102A70000028F3D1F4E7D4D4D0B502AF0446342013
:102A8000205CC21E032A68D821465C31204684306F
:102A90007A44127952009744173701010279032AC8
:102AA00049D10078032846D10878052806D1206E40
:102AB000002803D0E06E0168491E0160A06C002868
:102AC00039D02046483034E022463432127F062A7C
:102AD0003ED0052A35D0032A3FD1097F03293CD1B6
:102AE000AC34217E032938D1017E052906D1C16984
:102AF000002903D021680A68521E0A600168002973
:102B00002BD000210160D0BD027F032A13D1027EA9
:102B1000032A10D1097E052906D1A16F002903D00F
:102B200000680168491E0160206E002803D020461D
:102B3000603000210160206B00280ED0002020634F
:102B4000D0BD087A032803D12046683000F006F88B
:102B5000206C002801D000202064D0BD3021435CCF
:102B600002465C3201468431032B1AD0042B2DD04F
:102B7000052B41D10346A4331B78032B3CD10B7F9B
:102B8000032B39D1127F052A06D1C26F002A03D048
:102B900049680A68521E0A60016C00292CD0403036
:102BA00028E00B7F032B27D10B7E032B24D1127E31
:102BB000052A06D1826F002A03D009680A68521ECE
:102BC0000A60016E002917D0603013E00B79032BE7
:102BD00012D1097803290FD11178052906D1016E88
:102BE000002903D0C16E0A68521E0A60816C002958
:102BF00002D04830002101607047D4D4B0B502AF94
:102C00000179CC1E072C68D80246283201464C3187
:102C100003466C337C4424796400A7440303192FD2
:102C20004503585F1278032A57D11A7A032A54D1E0
:102C30000978052906D1016D002903D0C16D0A6804
:102C4000521E0A60416B002947D000214163B0BD8C
:102C50000B7B032B41D1097A03293ED11179052938
:102C600006D1016B002903D0C16B0A68521E0A60AD
:102C70008169002931D000218161B0BD1979032912
:102C80002BD11978032928D1117F052906D1816C10
:102C9000002903D0416D0A68521E0A60016B0029A9
:102CA0001BD000210163B0BD097A032915D1117928
:102CB000052906D1016B002903D0C16B0A68521E99
:102CC0000A604169002908D000214161B0BD017D41
:102CD000032902D11830FFF741FFB0BD083000F0E2
:102CE000D2F8B0BDF0B503AF81B00446807DC51EFB
:102CF000042D52D82346383322465C322046843095
:102D00002146AC317D442D796D00AF440219374224
:102D100048001978032940D1007803283DD1107864
:102D2000052806D1206E002803D0E06E0168491EF8
:102D30000160606C002830D00020606401B0F0BDFC
:102D40001B78062B4ED0052B48D0032B25D11279AA
:102D5000032A22D1097803291FD10178052906D138
:102D60004168002903D000690168491E0160E06ED6
:102D7000002812D00020E06601B0F0BD20461830D7
:102D800000F042F86068002807D00020606001B0C1
:102D9000F0BD1834204600F037F801B0F0BD1279CC
:102DA000062A2AD0052A24D0032AF6D10279032A3A
:102DB000F3D1D4342278032AEFD10A78052A06D138
:102DC0004A68002A03D009690A68521E0A6001692C
:102DD0000029E2D00021016101B0F0BD2046403061
:102DE00000F012F8206A0028D7D00020206201B03D
:102DF000F0BD2046683000F007F8206D0028CCD0E8
:102E00000020206501B0F0BDD0B502AF8179CB1EA6
:102E1000042B1FD80146283102464C327B441B79D3
:102E20005B009F44180202020200137A032B11D1A7
:102E30001279032A0ED10978052906D1C16A002921
:102E400003D0816B0A68521E0A600169002901D013
:102E500000210161D0BD09780329FBD101467431FD
:102E600009780329F6D11178052906D1016D0029C9
:102E700003D0C16D0A68521E0A60416B0029E9D077
:102E800000214163D0BD3021435C01465C310246E4
:102E90008432032B1BD0042B2FD0052B42D10346A9
:102EA00030331B7B032B3DD11278032A3AD10978AA
:102EB000052906D1016E002903D0C16E0A68521E91
:102EC0000A60416C00292DD0002141647047137FB6
:102ED000032B27D1137E032B24D1097E052906D18C
:102EE000816F002903D011680A68521E0A60016EC2
:102EF000002917D00021016670471379032B11D1E7
:102F00001278032A0ED10978052906D1016E00290D
:102F100003D0C16E0A68521E0A60816C002901D07C
:102F2000002181647047B0B502AFFFB0D5B005682D
:102F3000027B806801686C462046FEF70FFA2D6818
:102F4000284600F053FE352002012846214609F0AC
:102F5000A0FBFC1F013CA546B0BDD4D4F0B503AF27
:102F6000AFB0044601684048814270D2491C2160DC
:102F70006668316881426AD2481C30602120C000F6
:102F80003258042A66D0337A002B41D0581D904223
:102F90004AD80094029330460930019000251395D9
:102FA0001295119510950F950E950D950C9514ACE5
:102FB0006C21204609F0CDFB204607F03BFE01982E
:102FC000411C0298421E204607F028FE0CA920460C
:102FD0000C4607F01DFE03A8401C2022029021464B
:102FE00009F00DFB3068401E306000990868421EF1
:102FF0000A6000282BDD087A002806D0093120223B
:10300000029809F0DEFA002816D028462FB0F0BD4D
:10301000062A09D0052A1DD0707AB37A1B021B1824
:1030200002D0D81D90420BD931602068401E20602C
:10303000002528462FB0F0BD012528462FB0F0BD51
:10304000FE2B0CD20094029330460B30A5E7FDF71F
:10305000C1FEFEDE01200021FDF7ABFEFEDE4121B8
:103060008900FDF7A6FEFEDEFFFFFF7FF0B503AF90
:10307000FFB0BAB005466720800028180F906F2077
:10308000800028180D900F20400128180E90052070
:10309000109080012A1850782946DC3111910326BE
:1030A0000123400078448088400087440700B00234
:1030B000BC0295016900E400940140011198016E81
:1030C0004160907810700C92121D086800280CD195
:1030D0000A920B930020C2430A604B6809931B6855
:1030E000002B09D008600B9B0A9A00201060CA4888
:1030F000022101800C9A6FE1089006920998026003
:103100000B685B1C07910B602123DB00C15804296D
:103110000B9B024600D02BE100200A990860106842
:10312000401C10600A4610680028E0D02920C0002A
:103130002A18119C0834099249CA49C44BCA4BC485
:103140004BCA4BC41198006B002800D15AE2119869
:10315000806808902946E831099C4DC94DC44DC985
:103160004DC4AE4878440C9A0899516000210F9BD9
:1031700019741199C96A91620A99D16210630B9B03
:1031800014460B935B208000291878A802F07EFE7D
:103190007898002803D004260B9B22461CE10C944F
:1031A00011200001291878A8001D0A914CC84CC1B3
:1031B0005CC85CC15CC85CC10F9B187C032825D02F
:1031C0000528119C0D9E0E9903D006280C9A17D045
:1031D00036E0087F03280C9A12D1087E03280FD10D
:1031E000307D052807D1B069002804D00E9800680A
:1031F0000168491E01603068002801D0002030605D
:10320000186800281CD00020186019E00E9E307F3E
:1032100003280C9A119C0D9912D1307E03280FD1EE
:10322000087D052807D18869002804D00E98006819
:103230000168491E0160D869002801D01C33E2E70B
:10324000E06D0F90022812D3FD48784416460822FC
:103250000A9909F0B6F9324600280ED0F9487844A8
:1032600008220A9909F0ADF93246002805D0F14844
:10327000022101800B9B109EAEE000261198066093
:103280001078079078AC4021204609F062FA00944B
:103290000D940196029608960396012071210E91D5
:1032A00009900A9A0F9B07F0E7FC12A810900830CB
:1032B00021465CC95CC05CC95CC00E9C109804705F
:1032C000202013900D9806F0E1FC78AE30460830CF
:1032D00041210F9109F03DFA204634700F99799100
:1032E0003146109A0B9B07F081FC00280CD178A87E
:1032F0008178109146780478C11C38A8492209F0D9
:103300007EF9202C00D08BE00220064612A806F0A1
:1033100015F8F0B2042859D10C9A089890740998BD
:103320001082119903C955609060D1600B9B0C927B
:10333000119E1C46512080002818FCF7A2FE002890
:1033400003D0072623460C9A46E031463068002811
:1033500001D000200860C86D00280C9A01D0002020
:10336000C865086B01260023002835D00B6333E0C5
:10337000107A002836D0431D8B42089801D8104699
:1033800009300B9B0890002800D1C5E600210029D8
:1033900000D0C1E605910898007813685B1C1360A3
:1033A0000B9B00280A9A079900D09EE6086800281F
:1033B00009D1069C0C60486809900068002800D17B
:1033C000E0E00598086005981060ACE699489A49D5
:1033D00001800B9B0C9A062656701846FC1F053C74
:1033E000A546F0BD481F022800D295E6507A937A90
:1033F0001B021C180B9B00D18EE6E01D0890884232
:1034000000D989E6FE2C00D307E110460B30089066
:103410000028BBD180E6C046000200200C9E0000C0
:103420000F961CAEF01C38A9492209F0E8F8109854
:10343000B0700F98707034701D9A08367120314644
:1034400007F0E0FB0028099800D05EE721201D90DE
:1034500001200D9001020F9178A80E9009F07EF9DD
:103460000E980F9907F0BCFB38A810900E990F9A90
:1034700009F00FF91CA9093120220F92109804912C
:1034800007F0CCFB0E96089E7F967E967D967C96E6
:103490007B967A967996789678AC1098214607F0C4
:1034A000B7FB2FA80690C01C21460F9A09F0A7F879
:1034B0001D980A901C98059078A810900830412219
:1034C0000E9909F0E1F8109849302322069909F085
:1034D00096F833460D9810994870059808700A9828
:1034E000799038910798002816D005F01DFF002824
:1034F000089E00D10AE738A805F01BFF0028089EA7
:1035000000D103E75048784400210E4606F0E4FF5E
:10351000089B002800D1F9E611980168DB291E46B6
:1035200000D9F3E60F986854481C119A1060BB2923
:103530001E4600D9EAE6281820220E460499109269
:1035400009F05DF83346089A304621301199086039
:10355000BB2E164600D1D9E63899109E2E54184637
:103560002230119C20609A2B164600D9CEE64C31B1
:10357000281820221E4609F042F8423611980660AB
:103580000426C3E6099A10C20868401C086038A8DF
:10359000114606F0A7FC3898002813D03999002965
:1035A00042D04A1E1F218A43089214D041780691C6
:1035B000811C78A81F2209F022F80898202801D140
:1035C000012609E000200A9A106009990868401C49
:1035D00008600B9BA7E5059E09990868401C0860D8
:1035E000FF204E30281878A91F2209F008F80C99FE
:1035F0000598C8620E630698087301204860079812
:10360000886093E500200146FDF7D3FBFEDE0B4802
:1036100078442321FDF70CFBFEDE01200002011D92
:103620000898FDF7C6FBFEDE01200021FDF7C1FB77
:10363000FEDEC04600020020046E0000DC940000A4
:10364000A29A0000A29A00006A9A0000F0B503AFA7
:10365000FFB0E0B0054681208000281808908F2038
:103660008000281809900D20800128180A9028460B
:1036700080300C902C46A8342B46603359780326B2
:1036800001208A0001A18A5889188F463000000065
:10369000E2030000EC03000088020000B800000014
:1036A0004001000066020000A4010000D8010000F3
:1036B0007802000086020000600000000B90EA6DB6
:1036C0002A60106800280AD10D930020C1431160C0
:1036D000536807931B68002B0BD010600D9B0020D4
:1036E0006866EB48022101800B9813E10B900D9363
:1036F000E9E0069004910798016013685B1C05924D
:10370000136021220392D300C258042A0D9B014664
:1037100000D004E1002068660868401C0860686EFC
:103720000028DED02E1D294668315422304608F08C
:10373000ABFF686D002800D158E1002020706E6654
:103740000D9B0B980B900D932946643176AE304655
:1037500000F09CFA3078002801D00426BAE076A860
:103760004178827812025118C2781204007900065A
:1037700080184018217803290FD10C9A1178052957
:1037800006D15168002903D011690A68521E0A60E7
:10379000E96E002901D00021E966A865686D00285E
:1037A00000D123E16868A866A86A07902946083115
:1037B0002A466C3259C959C259C959C200200A99BE
:1037C00008700C980799C1600D9B0B980B900D9396
:1037D0002E466836304600F0D7FAC1B2022901D130
:1037E000052677E0012108400D9C2070304600F04E
:1037F000B5F92078002837D000F08EFF002873D06C
:10380000686D002800D1F1E06868A866A86A079092
:10381000294608312A466C3259C959C259C959C278
:1038200000200A9908700C980799C1600D9B0B98AD
:103830000B900D932E466836304600F07DFF002831
:1038400001D0072646E0304600F088F993487844D6
:10385000012106F041FE00280ED18D488D490180DE
:103860000D9B0B98082655E0FDF77EFD000642D023
:1038700000F05CFF002847D02920C00076AC20185B
:10388000291D542208F000FF0D9800780C90A86DB7
:103890000A9028680790672082000EAE30462146C5
:1038A000144608F0F6FE284668303146224608F0F5
:1038B000F0FE0898079941630A99016009990C98EC
:1038C0004870002008706835284601F061FD002826
:1038D00003D00B260D9B0B981CE02846FEF7D6FE66
:1038E000002001260D9B15E069486A4901800D9B67
:1038F0000B9806260EE000F014FF654808210180B1
:103900000D9B0B98092605E06148624901800D9BDB
:103910000B980A265E70FC1F053CA546F0BD087A90
:10392000002827D0431D9342069801D80846093045
:103930000D9B002800D1EDE602460020002800D0B3
:10394000E8E6069010780B685B1C0B600D9B002866
:10395000059900D0C3E60868002808D1049A0A60D7
:1039600048680790006800281DD0069808600698EF
:103970006866D4E6501F022800D2CBE6487A8B7ADC
:103980001B02181806900D9B00D1C3E60698C01DB7
:10399000904200D9BEE6069AFE2A6ED208460B3047
:1039A0000028C9D1B6E610460A46079901C1106839
:1039B000401C1060DDA806F095FADD980490002800
:1039C0004DD0DE9800285DD0411E1F20814302911A
:1039D00011D0049948780190891C76A81F2208F01C
:1039E0000EFE029820282BD1012005E00020014680
:1039F000FDF7DFF9FEDE0698049007990868401C81
:103A000008600D98019901730598A86628466D30E5
:103A100076A91F22079208F0F2FD0C980399017510
:103A2000069EC66005990161284695300EA9079A41
:103A300008F0E5FDE660049820610120686671E603
:103A400003980499085C039022310EA81F2208F005
:103A5000D6FD0298402802D102200490CDE7002034
:103A6000686607990868401C08600D9B57E60A487D
:103A700078442321FDF7DCF8FEDE41218900FDF7C3
:103A800098F9FEDE01200021FDF793F9FEDEC04625
:103A900000020020046E00007C9000005A95000097
:103AA000B0B502AFFF214231425C931F0146DC31C9
:103AB000022B28D3052A2BD0042A35D16722920065
:103AC0008218147C062C45D06F239B00C3180F2549
:103AD0006D014019052C28D0032C20D1047F032C24
:103AE0001DD1047E032C1AD11C7D052C06D19B69A7
:103AF000002B03D0006803685B1E0360D0690028B8
:103B00000DD01C3209E00868002801D000200860B0
:103B1000C86D002803D00A465C3200201060086B94
:103B2000002801D000200863B0BD047F032C11D110
:103B3000047E032C0ED11C7D052C06D19C69002C23
:103B400003D000680468641E04601868002801D06F
:103B50000020186010680028DFD1E0E780B500AFD2
:103B60005B21C900415C032937D102463432117808
:103B7000032932D101465431137B042B08D0032B87
:103B80002BD10978032928D15830FEF7E9FC80BDF4
:103B9000127E042A1BD0032A1FD1097F03291CD1BE
:103BA0000146BC310978032917D1014694310A78BE
:103BB000052A06D14A68002A03D009690A68521EFC
:103BC0000A60C16F002908D00021C16780BD097A51
:103BD000032902D16030FEF7E9FC80BDD0B502AF09
:103BE000044600F003F807206071D0BDD0B502AFE5
:103BF00004464079072800D1D0BDC11E0329FBD857
:103C00002046B0307944097949008F440601010CFF
:103C100008342046FFF744FFD0BD416B0029EBD0AC
:103C200000214163D0BD214669310A78121F072A5D
:103C3000E2D8C0467A441279520097440D03070334
:103C40000707072220467030FFF788FFE06D002845
:103C5000D2D00020E065D0BD00780328F6D1C87F1F
:103C6000052808D120468C300168002903D0C0689F
:103C70000168491E0160606F0028E7D0002060677E
:103C8000E4E770342046FEF701FDD0BDF0B503AF88
:103C900087B00A4605464420085C0028009501913B
:103CA00007D0032818D0374878442321FCF7C0FFF9
:103CB000FEDE0020906004280AD150686870010E72
:103CC0002971010CE970000AA870012000214EE062
:103CD000002010771068D06011460C3104A81646F9
:103CE00001F010FE049800283ED00390069B059C2E
:103CF000307F0528324606D1106A002803D0D06AEA
:103D00000168491E01601F2C36D9203C1068406AAA
:103D1000844232D30293261A95680421491B8E42AD
:103D200000D30E460399091820315019001D324660
:103D300008F065FC019A701990601568686A80192E
:103D40006862A04207D1281D2022039908F057FC81
:103D5000019A0020686202990868401E0860906815
:103D6000009D0428B4D1A8E7032001213246443243
:103D70001070297007B0F0BD20202146FDF719F81A
:103D8000FEDEC046448E0000F0B503AFB5B0044679
:103D90005B20C500605D0922510161181691052163
:103DA0001A918901611814913121C90061180C918F
:103DB0007121890061181391FF211091F43161186C
:103DC00015914321C900611811918F218900611853
:103DD0000E919921890061180D91234634332646AE
:103DE00054362146883117912146A8311891214631
:103DF000C8310F912146E8311291002819961B9580
:103E00000B9215D0032800D0E6E11978E148002292
:103E1000028004204900C0467944898849008F44C3
:103E20000400DB01E00140002001A06AE16A08E033
:103E300000211970E1482018D64A1180A062E4627E
:103E40002146A063E163206300221A73A064E16449
:103E50000020307020461D46483002F08BFC0028C0
:103E600003D003202B461B9DE4E03078032803D1C8
:103E700020465830FEF774FB00202B462876E06B76
:103E8000A06400213177A0661E462546503528469D
:103E900002F030FD002814D003201A901B9D3346F9
:103EA000C5E0187B4000C0467844808840008744C5
:103EB00005009301980104004F00CBE7A06BE16B74
:103EC000C4E71998007F0328334613D11898007D62
:103ED00003280FD1179A107B052806D110690028F6
:103EE00003D0D0690268521E0260E06F002801D042
:103EF0000020E067002903D0A6480821018095E052
:103F00000020199A1072A06C21465031216560651D
:103F1000114608311A91179E0A9325666066A565B9
:103F2000002131700C32089200213173B0603346A9
:103F300008330021189A11749060099335461036A1
:103F4000304602F0D7FC002811D003202E46F8E0BE
:103F5000187E4000784480884000874406003D0178
:103F600042010500310068008EE7A06C89E70596E4
:103F70001898007C0328169B159A2E4619D1129882
:103F8000007F032815D10F98007D052809D10F98CF
:103F90008069002805D0129840680268521E0260AD
:103FA000159A1898C069002803D00020189AD0618B
:103FB000159A002918D07748082101800520C0E013
:103FC00035460835317A0420179E4900794489889E
:103FD00049008F44040001010601760028001A956B
:103FE000256D606D199A97E7099800680021517056
:103FF0001546139A5060691C04911D2168500020D9
:104000000599086090731860119908703F20C000EE
:10401000201802F06FFC002867D00320D0E00A9B34
:104020001A9D30700320287004201A901B9D1A9846
:1040300018760420187357480088002810D00320F1
:104040001870187B002604280FD0032833D1199844
:10405000007803282FD120465830FEF781FA2AE055
:10406000032018700226032026E0187E04281AD0A8
:10407000032820D11998007F03281CD11898007DAF
:10408000032818D11799087B052806D1086900284C
:1040900003D0C8690168491E0160E06F00280AD09A
:1040A0000026E66707E01998007A032803D1204626
:1040B0006030FEF77BFA012061190870304635B098
:1040C000F0BD19980C300890307840007844808812
:1040D00040008744060081008600290040023C0021
:1040E000A6021A950A93606E1EE7119800780328BD
:1040F000169B0E9A14D10D980078032810D11078D1
:10410000052806D15068002803D010690268521EA5
:1041100002601198C068002802D00020119AD06077
:1041200000209860D9605DE01A950A933346083301
:10413000317B05207944097949008F44064D5205A9
:104140001D02307303206AE7F7E61868F1E6307D58
:10415000810002A2515851188F46C0461400000039
:104160007C0000008600000088040000A604000017
:10417000B068F16816912EE21598417832461032F7
:104180000592401C0490052003A24900515A4900A1
:104190008F44C046000200201B00220027001A00A6
:1041A00035001600C600C100B500FB00B402BE0217
:1041B000B902A902BC01C101AF022000D90200006E
:1041C000049908700420BCE720E7139A5068169BF6
:1041D000159D12E71120F3E7E64878442321FCF708
:1041E00027FDFEDE884278D2139949680522159D85
:1041F000A9501499886000216972401C98603F2082
:10420000C000251824AE3046294602F01FFC307845
:1042100004285FD0099024A8C17922AA917141791C
:1042200083791B02591891804178827812025118C3
:10423000C278120403791B069A1851182291103083
:1042400027990791269906911CA92E462CC82CC1A6
:104250002CC82CC13046FEF7D1FC0998002814D098
:104260000128179E169B32D11868072855D80101DE
:104270006118A022069D8D50A031079A4A60401C0B
:10428000186014988068886021E0139EB07B002835
:1042900048D10125B5731098D430201822A90722DF
:1042A00008F0ADF90799080CB08371830699080CE2
:1042B0003083F182F120400020181CA9112208F05F
:1042C0009EF914988068179E35617061169B9868F6
:1042D000D96887E70420179E72E7059800680028D0
:1042E00016D01868002813D0139840681D21159A1D
:1042F00050500020186158611070119908703F20CB
:10430000C000201802F0F6FA002811D0082057E764
:10431000994808210180072052E7FE4808210180C2
:1043200006204DE7FB48082101800520179E47E73E
:1043300011980078032818D10D980078032814D11B
:104340000E980078052808D10E984068002804D0FF
:104350000E9800690268521E02601198C068002819
:10436000179E02D00020119AD0600020169B986101
:10437000D961884200D3D3E0139949680522159D7D
:10438000A9500021E976401C98611598411D24AD83
:104390002846069102F0F0FD2888022800D19CE111
:1043A00014980C3024A92CC92CC06CC96CC06CC9E1
:1043B0006CC06CC96CC00698FEF794FC149A908986
:1043C000002867D0552080002118D08911900C98C2
:1043D0000C30079068C968C068C968C068C968C0FF
:1043E0006CC96CC01198002800D078E1139800685F
:1043F00006214143079A5118149B1A600191596094
:104400000028179E169B159879D0114602460D324A
:1044100002920930119030461830039003E007995A
:104420000198814279D08A1D149807920260088809
:1044300001286DD11198039A0260891C0698109189
:104440000160186801015218029D2A600028E6D018
:10445000039A154602E010392A46E0D0103511982B
:1044600005601098008893688342169BF3D110680A
:10447000099050680E9018695A6900260D96099E99
:1044800080190E9E72410D9E76413BD118615A6192
:10449000179EE0E7552080002158A7225600A35B15
:1044A000139A13812018436880680C9D0AC5286000
:1044B000A019418851818088908115980078002842
:1044C000179E00D017E11046083000880128169B7F
:1044D00000D015E150897169081A411E884131697F
:1044E0004A424A41024300D00FE101201599087069
:1044F0000C980068002802D000200C990860986988
:10450000D96936E7834802210180179E0E2057E6BD
:104510008048082101800F2052E600201399EDE722
:1045200015980078002800D1DFE016980068002870
:1045300002D000201699086001250498057005989E
:10454000FEF736FA17990D730020129A1073606EF9
:1045500048600A9B1A9D1A950A9321468C3124AD16
:10456000284602F045FF2878002807D00420179E2F
:1045700055E5C04612890000000200202046683040
:1045800024A9491C202208F03AF81298007B03283D
:10459000179E1A9D17D11298007A032813D10F98ED
:1045A0000078052808D10F984068002804D00F989B
:1045B00000690168491E01601898C068002802D08F
:1045C00000201899C86000203075206E616EB060C0
:1045D0001691F1600A9B00220F990A730860169ADF
:1045E0004A6030611A950A93183624A8314602F0C1
:1045F00099FF25982499014306D00320179E0A9B12
:104600001A9D307505200CE53046FEF735FA01207D
:10461000179E3075307600203073606EB0600A9B54
:104620001A9D0A932046903003F0FAF8002802D031
:1046300006200A9BF5E4307B042820D003283CD1D7
:104640001898007C032838D11298007F032834D1B1
:104650002A460F98007D052808D10F988069002808
:1046600004D0129840680168491E01601898C0691A
:104670000028154621D000201899C8611DE0129825
:104680000078032819D10F98007F032815D12A46F6
:104690001898007D052808D118988069002804D052
:1046A0000F9840680168491E01601898006800284A
:1046B000154602D000201899086001261798067048
:1046C0000898FDF773FF2E70089806700A98067315
:1046D0000676067106701B9DEDE40B9870E50D489B
:1046E00008210180179E0D206AE50A4808210180F3
:1046F000179E102064E50748082101800A205FE525
:104700000448082101800C205AE502480821018054
:104710000B2055E50002002080B500AF04F07CFCC2
:1047200080BD80B500AF04F0F5FA80BD80B500AF64
:1047300004F068F980BDD4D4F0B503AFB7B0044637
:104740005B20C0001890205C092251016118139170
:10475000052117918901611815913121C90061184E
:104760000B917121890061181491FF210F91F4318F
:10477000611812914321C900611810918F2189009D
:1047800061180D919921890061180C9123463433E9
:1047900026465436254688352146A83116912146AD
:1047A000C8310E912146E8311191002819960A92DC
:1047B00012D0032800D096E1197804204900C046A1
:1047C0007944898849008F4404008E0193013F0099
:1047D000FE00A06AE16A06E000201870BB482018BD
:1047E000A062E4622146A063E163206300221A73A1
:1047F000A064E164002030701E462046483001F07D
:10480000B9FF002802D003203346DAE01998007877
:10481000032803D120465830FDF7A2FE002033467E
:104820003076E06BA064199E00213177A0662646A1
:1048300009951D465036304602F05CF8002812D02B
:10484000032017902B46B9E0187B400078448088FD
:1048500040008744050048014D0104004C00CBE7AF
:10486000A06BE16BC4E71998007F03282B46099DD4
:1048700012D11698007D03280ED1287B052806D179
:104880002869002803D0E8690268521E0260E06FC0
:10489000002801D00020E067002903D08C480821BF
:1048A00001808BE00020199A1072A06C21465031D3
:1048B0002165606511460831179108932666606688
:1048C000A665002129700C32199200212973A86075
:1048D000099508350021169A11749060099E1036CA
:1048E000304602F007F8002811D00320B5E0187E0A
:1048F0004000C04678448088400087440600F400A9
:10490000F90005002C005F0091E7A06C8CE704968D
:104910001698007C032817D11198007F032813D123
:104920000E98007D052808D10E988069002804D0D3
:10493000119840680268521E02601698C0690028EB
:1049400002D00020169AD061002915D060480821B5
:104950000180052081E030460836017A0420C046F7
:104960007944097949008F4402BEC3362600179660
:10497000266D606D199AA0E728680021129D697064
:10498000149A5060691C03911D21685000200499FD
:10499000086090731399086010990870099E3F2071
:1049A000C000201801F0A6FF002828D0032091E0C5
:1049B000179E2870032030700420179017981876DF
:1049C000042018730320187003250120189961181A
:1049D0000D7037B0F0BD19980C3019902878400050
:1049E000784480884000874406007E0083002A00C7
:1049F0002F034000510417960893606E65E70996EF
:104A0000109800780328139E0D9A14D10C98007802
:104A1000032810D11078052806D15068002803D04B
:104A200010690268521E02601098C068002802D007
:104A30000020109AD0600020B060F16059E0179615
:104A40000893284608350990017B052079440979A7
:104A500049008F4408484D071A02099D2873032016
:104A6000089BA5E73AE7286834E7297D0420490038
:104A70007944898849008F44040036003B002B03A9
:104A80006D04A868E96815911BE3129D6978099E79
:104A9000304610300490681C039005204900C04641
:104AA0007944898849008F441B001E0023001A00A6
:104AB00033001500C600C000B000FC009602A20240
:104AC0009C028902BC01C20190025E04D90200006E
:104AD000000200200996039908700420BDE75EE7F4
:104AE000149A506850E7FB4878442321FCF7A0F85B
:104AF000FEDE884276D21499496805223546129B1B
:104B000099501599886000215972401CB060099E27
:104B100009963F20C000211826AE3046079101F0CB
:104B200095FF3578042D79D026A8C17920AA9171F6
:104B3000417983791B025918918041788278120259
:104B40005118C278120403791B069A185118209143
:104B5000103029990691289905911AA94CC84CC181
:104B60004CC84CC10798FEF749F8002D13D0012D11
:104B7000139E34D13068072859D801016118A0224A
:104B8000059B8B50A031069A4A60401C30601598F6
:104B90008068886023E0149DA87B0028139E4CD178
:104BA00001200790A8730F98D430201820A907225D
:104BB00007F025FD0699080CA88369830599080C60
:104BC0002883E982F120400020181AA9112207F059
:104BD00016FD159880680999079A0A614861B068BE
:104BE000F16886E70498006800281AD03068002829
:104BF00017D0149840681D21129A5050002030613F
:104C00007061107010990870099E3F20C000201834
:104C100001F070FE002816D008205BE70420099EF2
:104C200058E7B14808210180099E072052E7AE48A5
:104C300008210180099E06204CE7AB48082101802D
:104C40000520099E46E7099610980078032817D199
:104C50000C980078032813D10D980078052808D106
:104C60000D984068002804D00D9800690268521E13
:104C700002601098C068002802D00020109AD0600E
:104C80000020139EB061F161149D884200D3D4E0EE
:104C900069680522129DA9500021E976401CB06187
:104CA000099E09966D1D26AE3046294602F064F92C
:104CB0003088022800D17AE115980C3026A9059594
:104CC0002CC92CC06CC96CC06CC96CC06CC96CC0E0
:104CD000159D0598FEF706F8A889002864D0552090
:104CE00080002118E88910900B980C30069068C954
:104CF00068C068C968C068C968C06CC96CC01098D1
:104D0000002800D056E1149D2B6806215943069ACD
:104D100051181598026000914160002B139E79D0C4
:104D200012990B460D3301930931109109991831ED
:104D3000029104E0069A00988242159879D01146B3
:104D4000921D06920260088801286CD11098029A80
:104D50000260891C05980F910160306801015218AA
:104D6000019B1A600028E5D0029A154602E010392E
:104D70002A46DFD01035109805600F980088936898
:104D80008342F4D11068079050680D9030697269C1
:104D900000230C93079BC0180D9B5A410C9B5B4151
:104DA0003BD130617261E2E7552080002158A72293
:104DB0005200A35A149E33812018436880680B9DCB
:104DC0000AC52860A018418871818088B081129836
:104DD0000078002800D0FAE03546304608300088D8
:104DE0000128139E00D0F8E06889099A5169081AD1
:104DF000411E884111694A424A41024300D0F2E013
:104E00000120129908700B980068002802D0002039
:104E10000B990860B069F16937E7334802210180D6
:104E2000099E0E2056E6304808210180099E0F2079
:104E300050E60020149D2860ECE70B94129800784F
:104E4000002800D1BCE0E92040000B99081802F0CE
:104E5000C5FA002800D181E213980669446900254B
:104E60002995224A304621462B4607F0B8FBEB43F2
:104E70001F4A0A90079107F0B9F880190F90614115
:104E80000D91109516E01A70012210995118109189
:104E900029910C9D6D1C1499159A234607F0A6F8CC
:104EA0000F9B1B1A0D9A8A410F9318460D921043BF
:104EB00000D19EE0092D00D19BE0082000240C9534
:104EC000451B04D0012D07D10A2015904DE001208B
:104ED00015904AE004800000002401200A26129068
:104EE000159014941BE0C0460002002000CA9A3BB3
:104EF000003665C43046C9172140159A149B07F047
:104F000075F815901491304621463246234607F035
:104F10006DF806460C46A808072D05461AD92946FD
:104F20001298014000D0304649422140159A149B06
:104F300007F05CF81590149130462146324623461E
:104F400007F054F806460C46042D03D3A907D1D424
:104F50000120D0E7159814993246234607F046F809
:104F60001590084300D101E20C460F980D99159A4F
:104F7000234607F034FB149102463032D5B226ABFB
:104F800010995B180C2902D0802D00D27BE70126F6
:104F9000F143109E0D3E8E4200D37AE73F210A4036
:104FA00080325A70A909C031197002226DE70A983F
:104FB000099E8FE5F04808210180099E0D2089E5B2
:104FC000ED4808210180099E0B9C102082E5EA48EB
:104FD00008210180099E0A207CE5E748082101801C
:104FE000099E0C2076E5E44808210180099E0B20EB
:104FF00070E5299825902898249027982390269842
:105000002290079827900A98269022A826A902F0B5
:10501000EAF9002800D1A1E113980068002802D025
:105020000020139908600125039805700498FDF786
:10503000BFFC0998057305460020119908730B9C65
:10504000606E6860089B179E179609950893214625
:105050008C3126AE304602F0CBF93078002803D0F0
:105060000420089B099DA3E42046683026A9491C1A
:10507000202207F0C4FA1198007B0328099D179E8F
:1050800017D11198007A032813D10E9800780528BB
:1050900008D10E984068002804D00E980069016875
:1050A000491E01601698C068002802D00020169999
:1050B000C86000202875206E616EA8601591E960B7
:1050C000089B00220E990A730860159A4A602861AD
:1050D00008932946183126A80B9102F023FA279845
:1050E0002699014302D00320089B33E117960995C6
:1050F00035981590349E0B98FDF7BEFC0025299538
:105100009E4A304615992B4607F069FAEB439C4AB4
:105110000A90079106F06AFF82192E4615984141C0
:105120002B460B9D1CE03F210A4080324270A909AA
:10513000C031017002220C9E0D9D1299961929967C
:1051400013986D1C149A159B06F050FF2B460F9A6E
:10515000121A109888410146104608430B9D79D0D9
:10516000092B77D008200025C01A10910F920D93BB
:1051700003D0012803D10A2349E0012347E00C961C
:10518000002601210A2512911591149614E0284653
:10519000C9173140159A149B06F028FF15901491F9
:1051A000284631462A46334606F020FF05460E467D
:1051B0001399880807291CD91390014612980140B9
:1051C00000D0284649423140159A149B06F00EFF44
:1051D00015901491284631462A46334606F006FFBC
:1051E00005460E461398042803D38107CFD4012027
:1051F000CEE7159814992A46334606F0F7FE034683
:10520000084300D1B2E00D460C9E10990F9A10464B
:1052100014931A4615952B4607F0E1F913900246B0
:105220003032D5B226AB98190C2E05D0802D03D282
:10523000027001220D9D81E7129133460126F14350
:105240000C930D3B8B4200D26DE70C9E0D9D139885
:10525000129976E729981D9028981C9027981B9002
:1052600026981A90079827900A98269026A81AA997
:1052700002F0D0FA28700028179E65D00120099D01
:10528000287500202873606EA860089B089320464C
:10529000903002F0C5FA002803D00620089BFFF7E3
:1052A00088FB287B2A46042820D003283CD1169866
:1052B000007C032838D11198007F032834D133466D
:1052C0000E98007D052808D10E988069002804D02A
:1052D000119840680168491E01601698C06900284D
:1052E0001E4621D000201699C8611DE01198007853
:1052F000032819D10E98007F032815D1334616983C
:10530000007D052808D116988069002804D00E98E1
:1053100040680168491E01601698006800281E4612
:1053200002D0002016990860012515701998FDF724
:105330003DF9357019980570089805730576057163
:1053400005700020FFF742FB0B480F490180042045
:10535000089B099D28750520FFF72BFB0648094986
:105360000180099E0B9C1120FFF7B4FB074878448D
:105370001921FBF75DFCFEDE0002002000CA9A3B0B
:10538000003665C4046E000050680000DE7900003D
:10539000F0B503AFFFB0054609200590400128187D
:1053A00007900D20400128180690752080002C18C9
:1053B0007F26B10069180991892189006918109127
:1053C00093218900691811919D21890069180D9117
:1053D0001521490169180E91285C05210A910121C6
:1053E00008910B94129540007844808840008744CF
:1053F0000A005100620047006E0073020901D100EB
:105400005F01C90144000120040234AD2846214651
:1054100007F0A4F92846214605F0E2FB1298294638
:10542000224607F036F9079A906F00283FD05320A4
:105430008000129B1818492189005918936A139308
:105440003CC83CC13CC83CC1079A1398106000207E
:10545000D16C5162D16F0E40069A1660C9090B9C3F
:105460006060A160129D8842119E00D2CDE10020B3
:10547000069909686060A1601EE00A200A902BE28C
:105480000E9800780C341394002809D00328119E3C
:1054900000D1CFE1CC4878442321FBF7C9FBFEDEE5
:1054A000119E0020B061802800D0BDE18EE1002077
:1054B0000146FBF77EFCFEDE88422ED2401C606077
:1054C000002010990870092040012818E0600F2082
:1054D0004001281800F050FCC10767D1000A34A928
:1054E00008701098007803280FD1099908780528CA
:1054F00006D14868002803D008690168491E016088
:105500002069002801D00020206134A9012228460A
:1055100005F084FB6068A168CEE700203B903A90DC
:10552000399038903790369035901390349034AC51
:105530002846214605F06CFB012000022818014690
:105540006CCC6CC16CCC6CC10B9C617800294BD0CD
:10555000079B996F012900D831E177208000129DC7
:105560002918201D5D229200AA181C6D0F9478CA7C
:1055700078C178CA78C1129D0B9C0F990160DE49F1
:105580007944109A139B1377079A526F099B1A60FC
:105590005860996001267002291834A800F076FC42
:1055A0003498002805D007200A9095E104200A903D
:1055B00092E1139669208000291834A8001D0E4638
:1055C0001CC81CC13CC83CC13CC83CC11098007FF1
:1055D00003281ED00528069A119B0D9932D0062863
:1055E0003546139E45D04CE000F04AFC00280CD014
:1055F000C0487844012104F06FFF0028A8D1BB48BF
:10560000BB49018006200A9066E1B848B84901808C
:1056100062E10D99087F0328069A119B3546139E77
:105620002FD1087E03282CD1187E052806D1D869F1
:10563000002803D008680168491E01601868002826
:105640001DD11EE0087F03283546139E11D1087E28
:1056500003280ED1187E052806D1D869002803D06A
:1056600008680168491E01605868002801D00020C0
:1056700058601098C068002803D0109B0C3300209D
:105680001860D46A022C0FD39C487844082229461B
:1056900006F097FF00280ED0994878440822294642
:1056A00006F08FFF002806D09048022101800B9C55
:1056B00008200A9010E11195354634AE40210F9133
:1056C000304607F046F800200096019002900D90B9
:1056D000039071210E912846119A234605F0CCFAC9
:1056E00075A81190083031463CC93CC03CC93CC04B
:1056F00011980E99017020257695304604F0C6FA6F
:1057000034AE30460F9C214607F023F800960194F2
:1057100013980002129E3218052111982B4605F0AD
:105720006BFA002808D075A803F008FE6F480B211B
:1057300001800A200A90CEE03498119034A8811C90
:1057400014AC3E2520462A4606F059FF75A803F002
:10575000F5FD0B9A11989080ED20400030182146FD
:1057600014462A4606F04BFF201D10990D9A8A70A8
:10577000139A0A800699096B099AD0610F981062F2
:10578000516235464320C0002818FAF77AFC0028F9
:1057900005980A9000D09FE00699C86A002801D0B9
:1057A0000020C8620799886F01220A92002803D05E
:1057B0000020089088678FE0002008908CE001208E
:1057C000FBF7F7FAFEDEC04656760000792080002F
:1057D000291834AD80242846224606F055FF0120C2
:1057E0000E99087014AE30462946129D224606F0E6
:1057F0004BFF2846314622460B9C05F00FFA6068A5
:10580000A1688842119E00D331E6401C60600020F0
:105810000E990870092040012818E0600C34139498
:105820000020B0618028D1D01398006800210D9A23
:105830001171F0614D20C000291875A800F062F8C0
:10584000759B002B0D990C9341D0779A769C087923
:10585000052806D18868002803D048690168491ED8
:1058600001601F2C3DD9203C13980068406A844297
:1058700038D30F92251AB6698021891B8D4200D337
:105880000D4612998919792292008A181918203127
:1058900010462A4606F0B3FEA8191199886113989C
:1058A0000668706A40197062A04206D1301D20223D
:1058B0000C9906F0A4FE002070620F990868401E43
:1058C0000860119EB069129D8028ADD17EE703204B
:1058D0000A900E9908700B9C0A98207008987FB067
:1058E000F0BD20202146FBF764FAFEDE0002002016
:1058F000046E00005A780000F07900006276000023
:1059000066760000F0B503AF99B005460B4620332C
:10591000087C0C464000C04678448088400087449C
:1059200006000702200298012D00E101EA0104931C
:10593000059525682E1DFD4979442022304606F044
:1059400040FE002800D180E12868069008A80146A2
:1059500007943CCE3CC13CCE3CC10799069E4E61AB
:10596000079918313CC83CC13CC83CC13246079C31
:10597000059D049B1068002805D060E162691068ED
:10598000002800D05BE10020C64316602921515C4D
:10599000042900D052E10396049310A8461C0794F2
:1059A0001834069220223046214606F028FE069939
:1059B000087A002809D0084609302022314606F02E
:1059C00000FE0699002800D149E1059508462930D6
:1059D000029010A908460194224678CA78C078CA75
:1059E00078C00120069A1072104614460930202211
:1059F00006F005FE022202980270666830680028F0
:105A000000D09BE13346039801C3432085007059C1
:105A1000840841218900402C00D97EE10396761943
:105A20001A543068401C30608842079C00D374E1EF
:105A3000019A12781A543068401C3060884200D3B2
:105A40006BE1627E1A543068401C3060884200D39B
:105A500063E1A27E1A543068401C3060884200D353
:105A60005BE1E27E1A543068401C3060884200D30B
:105A700053E1227F1A543068401C3060884200D3C2
:105A80004BE1627F1A543068401C3060884200D37A
:105A900043E1A27F1A543068401C3060884200D332
:105AA0003BE1E27F1A543068401C3060884200D3EA
:105AB00033E1049D2A781A543068401C30608842D3
:105AC00000D32AE16A781A543068401C306088425A
:105AD00000D322E1AA781A543068401C3060884212
:105AE00000D31AE1EA781A543068401C30608842CA
:105AF00000D312E12A791A543068401C3060884281
:105B000000D30AE16A791A543068401C3060884238
:105B100000D302E1AA791A543068401C30608842F0
:105B200000D3FAE0EA791A543068401C30608842A9
:105B300000D3F2E02A7A1A543068401C3060884260
:105B400000D3EAE06A7A1A543068401C3060884218
:105B500000D3E2E0AA7A1A543068401C30608842D0
:105B600000D3DAE0EA7A1A543068401C3060884288
:105B700000D3D2E02A7B1A543068401C306088423F
:105B800000D3CAE06A7B1A543068401C30608842F7
:105B900000D3C2E0AA7B1A543068401C30608842AF
:105BA00000D3BAE0EA7B1A543068401C3060884267
:105BB00000D3B2E02A7C1A543068401C306088421E
:105BC00000D3AAE06A7C1A543068401C30608842D6
:105BD00000D3A2E0AA7C1A543068401C306088428E
:105BE00000D39AE0EA7C1A543068401C3060884246
:105BF00000D392E02A7D1A543068401C30608842FD
:105C000000D38AE06A7D1A543068401C30608842B4
:105C100000D382E0AA7D1A543068401C306088426C
:105C20007BD2E97D19543068401C306003990868C4
:105C3000401C0860069A1068401C059D10600020FA
:105C400028600420207419B0F0BD4748022101806B
:105C5000059D002028600320207419B0F0BD4C6819
:105C60002068404EB04269D2401C214601C110A8B4
:105C700004F038F91098002863D0119900294FD00A
:105C800000780128069903D0022860D1002112E093
:105C900032464E683068904250D2401C314601C1B5
:105CA00010A804F01FF9109800284AD0119A002A71
:105CB00053D0411C501E2268521E2260069B1A6857
:105CC000521C1A60079C6160A060E66000290FD03A
:105CD000202816D201226261A161E0612662224879
:105CE00002210180002028600520207419B0F0BD39
:105CF0001D4802210180002028600620207419B070
:105D0000F0BD00226261A161E061266229606860E5
:105D1000AE600120207419B0F0BDFBF74AF8FEDE3A
:105D200000200146FBF745F8FEDEC0463472000055
:105D30000F4878442321FAF77BFFFEDEFBF74AF891
:105D4000FEDE0C4878442B21FAF772FFFEDE07488E
:105D500078444821FAF76CFFFEDE01200021FBF7B2
:105D600028F8FEDEFFFFFF7F000200207B6E0000B0
:105D7000BA6D00005C6E0000F0B503AF87B004465A
:105D80004420205C214644310091002807D003289C
:105D900021D0384878442321FAF74AFFFEDE00205C
:105DA0006060012813D16068002807D0A068012135
:105DB000009A11700006000C07B0F0BD2E48784420
:105DC0002B2104AA2D4B7B44FBF766F9FEDE002055
:105DD00020772068E06021460C3104A8FFF792FD8F
:105DE000049B002B3CD0069A0599207F052806D1FC
:105DF000206A002803D0E06A05686D1E05601F292F
:105E000034D920392068406A814230D3039202910C
:105E10000D1A66680121891B8D4200D30D461918A1
:105E20002031201D8019001D2A46019306F0E7FB52
:105E3000A81960602668706A4019706202998842E9
:105E400006D1301D2022019906F0D9FB0020706296
:105E500003990868401E086060680128B7D1A2E76E
:105E6000032000990870012007B0F0BD2020FAF748
:105E7000A0FFFEDE586D0000C17100005E6E0000E4
:105E800080B500AF00F0DAF880BDD4D4F0B503AF30
:105E900087B00D4602904020095C2B4640332846CF
:105EA000643003902C468C3404200126794409790F
:105EB00049008F44031C5F14620A220000960020F0
:105EC000207128686864261D1CE0009601932079E3
:105ED000211D0491002812D0032856D007E0009617
:105EE0002079261D00280CD0019303280ED052489B
:105EF00078442321FAF79CFEFEDE06203DE0686C24
:105F000040E0686C019300212170A8642846483065
:105F1000FFF732FFC1072AD180B2000A2178032996
:105F20000FD103990978052906D1A96E002903D05C
:105F3000696F0A68521E0A60E96C002901D00021CD
:105F4000E96401213170002129636963A8636864F1
:105F5000814253D308350298001D0ECD0EC01ECDD0
:105F60001EC01ECD1EC001200026019B05E003209F
:105F7000307000E0FEDE019B009E18700298066003
:105F800007B0F0BD00212170A8642946483105AE54
:105F90003046FDF77BFE307800283BD105A84178DC
:105FA000827812025118C278120400790006801813
:105FB0004018217803290FD103990978052906D1C2
:105FC000A96E002903D0696F0A68521E0A60296D04
:105FD000002901D0002129650121049A1170EA6B82
:105FE000936A092B1BD899005050591C91620021CB
:105FF0006964A864696BA86B8142ABD200202071F0
:1060000028460830E863481C686328686864211DD6
:106010000491B7E70320049908700520ABE7696491
:10602000A8640348034A028006200E46019BA4E7A9
:106030000002002050680000FC6B0000F0B503AFC8
:1060400099B00390102102913F497944019105A92B
:1060500000240C7001A9049106A90C7106940D94FA
:10606000109409A90E910F941594012512953749A2
:1060700079441191149517A91391354979441891D0
:1060800017900EA83349794411AAFAF7DBFD0028CE
:1060900018D11098012800D82846401E0109491C33
:1060A0000891C0097C284CD808A8139005A8129024
:1060B00004A8119011A80024214600F071F80028CE
:1060C00003D021E0204619B0F0BD234D7D44234E7E
:1060D0007E4406A804F036F8C0B20628F9D0052898
:1060E000F7D8800002A10858091828468F46C046F4
:1060F000240000001E0000001C000000280000001A
:1061000030000000180000000024DBE7E1E703F0A6
:1061100095FFDEE73046FAE7641E07D2002405E06B
:106120000898844200D2641C844206D011A82146FB
:1061300000F036F80028CCD0E6E70124204619B05C
:10614000F0BDFAF739F8FEDE766C0000746C0000E2
:10615000E1000000AA6A0000186F0000F86E00005D
:1061600080B500AF8AB000220492012201920A4B4E
:106170007B440093039206AA0292084A7A4407924B
:1061800008AA0692202209920890486989696A46FD
:10619000FAF758FD0AB080BDF46D0000253A000002
:1061A000F0B503AFA1B00491039004F0ABFD01285A
:1061B00008D100221292119210920F920FA8102172
:1061C00004F0AAFD0FAC002626716671A676268320
:1061D0000120029020738020E08003210F91654808
:1061E000149013962020119018A81C2585704670D5
:1061F00065220270019104F07BFD2046294604F0DF
:1062000077FD0996039D2C6820681A9605A91891B8
:10621000049909011991806800961396029A1092C8
:10622000564979440F9112920AA91191544979441F
:106230000B910A9018A8534979440FAAFAF702FD66
:10624000002800D08AE06968097800292E4602906B
:1062500015D0206812C8B06806681796009D1C9576
:10626000112C7DD218A8224606F0C9F91C980019F5
:106270001C90642E12D306200A2E12D312E020683E
:1062800006C80FA8009D05773B4B15930223119379
:106290000F951492139103F05BFE3AE008200A2E4A
:1062A00000D20A20022E20D3A0421ED31F9518A888
:1062B0001D901E95139501981090334878440F90C7
:1062C000022012900AA81190304878440D9017A926
:1062D0000C910B9020A80A900498401C20901DA8B7
:1062E0002B4979440FAAFAF7ADFC18A80AA90A4667
:1062F00018C818C258C858C20E9A0FA805771E4B66
:106300001593022311930F951492139103F020FE1D
:10631000039E09990FA80577174A15920222119238
:106320000F221092019A0F92149105A9139103F074
:106330000FFE0498002803D01A48784403F07EFE2C
:106340000498401CB1680968884202D31248784416
:1063500001E01048784403F071FE029821B0F0BDCE
:106360000E4878442B210FAA0D4B7B44FAF794FE7C
:10637000FEDEC046FFFFFF0080000B00C26A000087
:106380002FFFFFFFF86800005C680000F79EFFFF2A
:106390004E680000986C0000166800001D6C00003C
:1063A000366900001A6D000080B500AF88B000208B
:1063B000049001200190094A7A440092039006A8B3
:1063C0000290074878440790064878440690486948
:1063D00089696A46FAF736FC08B080BDC0680000DB
:1063E00021000000CE68000080B500AF0B4606C853
:1063F0001846FAF771F880BDF0B503AF83B01546C3
:106400008268521982604268AA42164600D32E461C
:10641000931B43600023AA4226D80291019300688F
:1064200000900069331A10339D422C4600D31C465D
:10643000B4422AD3AA4207D2002E05D00299895726
:106440003F22D243914220DBAB4207D2002C05D041
:10645000029909574022D243914216DDA51B102113
:10646000091AA94203D20123184603B0F0BD009CCB
:106470002018029989192A4606F0C1F820694019A6
:106480002061019B184603B0F0BD029829463246B0
:106490002346FAF706FEFEDEF0B503AF85B0002511
:1064A0000495802903D204AA117001212FE0CA0AA1
:1064B0000AD13F220A40803204AB5A708909C022B7
:1064C0000A431A70022122E00A0C0ED13F220A4030
:1064D000803204AB9A700A0BE02414431C70090547
:1064E000890E80315970032111E03F230B40803326
:1064F00004AAD3700B059B0E803393708B039B0E05
:1065000080335370C902490FF03111700421826841
:106510005218826042688A42144600D30C46131B0C
:1065200043608A4228D8039506683069251A1035D9
:10653000A9420B4600D32B46A3422DD38A420BD24D
:10654000002C09D004AA125702923F22D24301968E
:10655000029E9642019E1FDB8D4207D2002B05D082
:1065600004AAD2564025ED43AA4215DD1D1B102179
:10657000091AA94203D20125284605B0F0BD3018FA
:1065800004A909192A4606F03AF830694019306121
:10659000039D284605B0F0BD04A82246FAF781FD08
:1065A000FEDED4D480B500AF0A4602497944FAF73A
:1065B00049FB80BD846500000168002901D00021ED
:1065C00001607047F0B503AF99B00C46064605462A
:1065D00001CD099048698969CB685F4979440122F6
:1065E0000A929847099A002A18D0AB180B95761D85
:1065F00010A92031079121462031069100285748E3
:10660000784405900A99084645D10893E5696807DA
:1066100006D40BA82146FAF7D3FE39E00A998AE09E
:106620006069A1690291CB684D49794401220390C8
:106630000192984700280A990846099A089B2AD18E
:106640000FA80199017006990978079A11700E90A8
:1066500002980D9003980C901795059816900CA829
:1066600015902FCC149513931292119110900BA8A2
:1066700010A9143CFAF7A4FE002802D00A99084693
:1066800007E01698C368159836497944022298475E
:106690000A99099A089B9E424DD0551E049405E024
:1066A0000A990846049C761C6D1E44D00B96000681
:1066B0000846F8D16169A069E26953070FD4C3683D
:1066C00008462A497944022298470A990028084630
:1066D000E9D10BA82146FAF773FE0A99E3E70FAB5D
:1066E00008930991214601241C70069B1C78079B86
:1066F0001C70089B0E930D9009980C9017920598AA
:1067000016900CA81590086809900C1D1DCC11A9B5
:106710001DC1099810900BA810A9FAF751FE002886
:10672000BED11698C36815980F497944022298473C
:10673000049C0A99B7E7002802D0084619B0F0BDBA
:106740006069A169CB680A497944012298470146EA
:10675000084619B0F0BDC046EE630000D0630000EB
:10676000EE63000086630000E662000047630000FD
:10677000D1620000F0B503AF85B00446203004902C
:106780002646483620466C30039023469433207BBF
:1067900004250122784400794000874402A2A71A08
:1067A0007A00029300200499087021686068A16053
:1067B0002161606121461031019100213170206416
:1067C00015462046283000F095F8002812D0032006
:1067D0005BE0029320461030019004980078C04698
:1067E0007844007940008744037C81022248E7E72F
:1067F0006069E2E7A161307803282A4613D1029844
:10680000007803280FD103980078052806D1206F5F
:10681000002803D0E06F0168491E0160606D002808
:1068200001D000206065002030706069206415464A
:106830002046283000F05EF8002801D0042024E033
:10684000E161307803282A4613D1029800780328A2
:106850000FD103980078052806D1206F002803D0B7
:10686000E06F0168491E0160606D002801D00020C2
:10687000606500203070606920641546204628302D
:1068800000F038F8002808D005202A46049908703E
:1068900003252573104605B0F0BD3078032813D1C9
:1068A0000298007803280FD103980078052806D1B4
:1068B000206F002803D0E06F0168491E0160606D01
:1068C000002801D000206065012504980570019E14
:1068D0003046FBF745FE357000222573104605B0A3
:1068E000F0BD034878442321FAF7A2F9FEDEC04642
:1068F00008620000F0B503AF85B004462022805C3A
:1069000021462031009121464431019126466C36C2
:106910000396C0467844007940008744020C113D3C
:106920007C830023236063600625E26025610126E5
:106930001946029305E0444878442321FAF778F990
:10694000FEDE002020755D19002E04920FD01D463A
:106950000126954232460EDA9D420FDA064616406F
:10696000681C002E0ED0A060002E0FD155E001262D
:1069700095423246F0DB02469D42EFDB1640681C32
:10698000002EF0D10498A060002E46D0E5610020D2
:10699000039E3070A069A06220462830FFF7ECF912
:1069A000C1072FD100B2049080B2050A30780328C5
:1069B0000FD101980078052806D1A06C002803D0DB
:1069C000606D0168491E0160E06A002801D0002066
:1069D000E0627F200540E6693F22324000212846E0
:1069E00005F029FB0A462168014302912160616894
:1069F000114361600498002806D5A368E268256900
:106A0000267D9EE703200EE0002D06D1002E04DD3A
:106A10000B480C490180042005E0002908D00848F3
:106A200008490180052000990870012005B0F0BDDB
:106A30000120009908700020029905B0F0BDC04601
:106A40000002002050680000B4610000F0B503AF00
:106A50009FB005900846283006900E464C360846F2
:106A60006C3004900D468C3508790C464000C046C9
:106A700078448088400087440C00300235021100C1
:106A8000A400E701D2003E025700CB011F0016020E
:106A90003501002006990870206820620395204681
:106AA0000830FFF727FF00281CD004200599087044
:106AB000032020711FB0F0BD2046083001900698D9
:106AC000014610310291007C4000C0467844808825
:106AD00040008744050002020702640045010E01E0
:106AE000606B59E0069800780328039D12D1049842
:106AF000007A03280ED13078052806D1206D0028B1
:106B000003D0E06D0268521E0260606B002801D065
:106B10000020606300294FD0012900D0DFE0002071
:106B20000699087020682062039525460835284696
:106B3000FFF7E0FE002806D0042005990870082021
:106B400020711FB0F0BD0195069800780328039DC1
:106B500012D10498007A03280ED13078052806D186
:106B6000206D002803D0E06D0268521E0260606B49
:106B7000002801D000206063002900D141E10129F3
:106B800000D08DE1FA4979440020069A10742068FB
:106B900021636063103202920021297720640395FB
:106BA0002146403116A8054600F022FC287800282E
:106BB00000D1B3E0032087E1002006990870206827
:106BC000206220460830FFF795FE002805D00420FB
:106BD0000599087020711FB0F0BD06980078032851
:106BE00012D10498007A03280ED13078052806D1F6
:106BF000206D002803D0E06D0268521E0260606BB9
:106C0000002801D0002060630020082900D118E18D
:106C1000202900D04EE1049908712068A060214627
:106C2000083116AE304600F0E3FB3078002806D07D
:106C3000042005990870062020711FB0F0BD16A829
:106C4000C1790CAA9171417983791B0259189180FD
:106C50004178827812025118C278120403791B0617
:106C60009A1851180C9110300190199900911899A7
:106C7000039107A802900298019D4ECD4EC0019548
:106C8000029001980078029908700498007903280E
:106C900013D10498007803280FD10698007F0528A7
:106CA00006D1A06C002803D0606D0168491E016008
:106CB000206B002801D00020206314A80D9981804A
:106CC0000CA9897981710C98149007A80EA96CC839
:106CD0006CC1007808700021059E009D29E1A24842
:106CE000082101800420059908700C2020711FB034
:106CF000F0BD0699087F1C310691810001A2515810
:106D000051188F4614000000D6010000E001000079
:106D1000AE000000BE010000206C47E016A8411C38
:106D20002022019805F06BFC039D287F032813D1D6
:106D3000287E032810D10498007C052807D10498E8
:106D40004069002803D028680168491E0160A06ED0
:106D5000002801D00020A06600202871606B20640C
:106D60002046403000F0E6FD002801D00420ABE0D2
:106D7000A262E3622879032811D1287803280ED172
:106D8000307E052806D1A06E002803D0606F016810
:106D9000491E0160206D002801D0002020650020E0
:106DA00006990877606B20641C31069100212970D8
:106DB000A06420464830FEF7DFFFC1071FD12978C5
:106DC0000329019B0ED1317E052906D1A16E002930
:106DD00003D0616F0A68521E0A60E16C002901D07D
:106DE0000021E16480B2400A67D101200699087051
:106DF000029908701846FCF746F8032198E0032032
:106E00005FE000202075206821460831A160E06025
:106E10002046083000F0C0FF002806D00420059965
:106E20000870092020711FB0F0BD207D03210328C8
:106E3000059E05D1204618300D46FBF78FFE2946EA
:106E400077E030732068A0602046083000F072FDC3
:106E5000002806D0042005990870052020711FB075
:106E6000F0BD307B01210328039216D1307A03282C
:106E700013D1069800790528059E08D1206B0028BB
:106E800005D0E06B0D460168491E01602946A069E6
:106E9000002803D00020A06100E0059E1D4648E0C8
:106EA0003148082101800420059908700B202071C9
:106EB0001FB0F0BDA060E16015E02B482B490180B8
:106EC000042006990870052002990870042005998D
:106ED00008700A2020711FB0F0BD26487844232195
:106EE000F9F7A6FEFEDE884221D200213172401C55
:106EF000A0602068206120461030FEF73DFFC007EB
:106F00002AD1307A03280FD106980079052806D1B6
:106F1000206B002803D0E06B0168491E01606069A6
:106F2000002801D000206061A068E168DBE7022151
:106F3000059E3170701C14A9072205F060FB0398B0
:106F4000B060F56010360EA80EC80EC60EC80EC68C
:106F5000012020711FB0F0BD0420059908700720A2
:106F600020711FB0F0BDC046000200205068000034
:106F7000EA630000105C0000F0B503AFB7B0034651
:106F80000D4638350E465C360A4680320846AC302F
:106F900002900846D4300190887D0C460696400049
:106FA00078448088400087440800200125010C00B7
:106FB0002E001B0085004900FC000020287020687E
:106FC00020630392059320461830FFF793FC0028B6
:106FD00050D00220059908800320A07537B0F0BD7D
:106FE00005932646183635AD2846314601F064FB38
:106FF0002888042800D090E0022005990880052008
:10700000A07537B0F0BD039205932878214618315A
:10701000820002A39A589A189746C0461C000000A6
:10702000CE010000D8010000700100009A030000AA
:10703000000300004C0300000868A4E003920593DD
:10704000307921461831321D0492820001A39A58EA
:107050009A1897461C00000096010000A00100004D
:10706000B6000000A0020000B80100009E0200006F
:10707000086846E028780328059B039A12D1107906
:1070800003280FD13078052807D1206E002804D0BE
:10709000E06E0268521E0260039A606C002801D004
:1070A00000206064012967D0022977D10020A077F1
:1070B0002068A061039205932646183607AD28463E
:1070C000314601F0F9FA2888042806D102200599F2
:1070D00008800620A07537B0F0BD0898A0820798F8
:1070E000208207A8408860823046FBF78DFEB949B0
:1070F00079440020069E30712068A061E161311D55
:1071000004910021039A1172106020466830FFF745
:10711000F1FB00280FD00320ECE031A836998180E4
:10712000359831903046FBF76FFE221D07CA24AB1D
:1071300007C30020C1E0039A107A032815D10198F3
:107140000078032811D1029B1878052808D15868C7
:10715000002805D0186913460268521E02601A46BC
:107160005069002801D00020506100206066A166AF
:1071700020656065A1653EE095497944002028704E
:107180002068A061E16100213171A0652046403096
:10719000FFF7B0FB00280AD003200CE18A48082141
:1071A0000180022018800820A07537B0F0BD30792A
:1071B000032813D10298007803280FD1039A10797D
:1071C000052806D19068002803D050690268521E35
:1071D0000260E06E002801D00020E0660020E0633D
:1071E0002164E062216320628DE07B4878442321A2
:1071F000F9F71EFDFEDE88423CD20021B174214623
:107200002031E165401C6065A069A06626466836AD
:1072100033AD2846314601F04FFA2888042863D060
:1072200035A834998180339835903046FBF7ECFDD2
:10723000069E30460830E16D0A6B072A0ED80623F9
:107240005343359DCD52CB18369D9D8035AD6D880D
:107250005D8004230380501C086308E03699818018
:1072600035A94A8842800988018004293ED1606D91
:10727000A16DC0E72046203007AA069268C868C200
:1072800068C868C268C868C26AC86AC20120039038
:107290000499087024A906982CC82CC12CC82CC1AC
:1072A0002CC82CC16CC86CC10398A18A31AA9180EA
:1072B000218A628A120451183191059E30803198DA
:1072C00070803298F08031A84088B080083624A8B9
:1072D0000EC80EC60EC80EC60EC80EC62EC82EC6C6
:1072E0000120A07537B0F0BD052003E036483749CE
:1072F0000180062004990870022005990880072063
:10730000A07537B0F0BD88423FD20021A973214655
:1073100020316163401CE062A06920640495264628
:10732000403633AD2846314601F0C6F92888042896
:107330003FD035A834998180339835903046FBF79B
:1073400063FD20463C30616B0A68002A0ED03699F6
:10735000818035A94A884280098801800429049DDA
:1073600010D0194819490180062024E0369A0A8174
:10737000359A8A8001220A600422028035A840885A
:10738000C880049DE06A216BBDE701202870224679
:10739000203207CA07AB07C3231D07C30020A0770D
:1073A0002068A06120461F3007A9712205F027F947
:1073B00017E60520049D2870022005990880042006
:1073C000A07537B0F0BDC046000200205068000034
:1073D000F65D0000805E00000059000080B500AF3F
:1073E00000F0B2FF80BD80B500AF00F005FE80BDAB
:1073F000F0B503AF93B00D460C463C340A466432F8
:107400001179002901900092079502940ED003296A
:1074100006D111782B1D039300290DD003292AD002
:107420003F4878442321F9F703FCFEDE002010706A
:1074300028686860281D03900020A862202816D1C3
:10744000083508A908462E463CCE3CC03CCE3CC080
:107450000124009E3470019D681C202205F0CFF8A5
:107460003246294600201471087013B0F0BD002088
:1074700020706868E86229462C3110A8FEF742FAAD
:10748000109B002B3FD0129A11992078052806D125
:10749000286C002803D0E86C0668761E06601F2959
:1074A0003AD9203903980068406A814235D3069260
:1074B00005910E1AAD6A2021491B8E4200D30E465B
:1074C00019182031079C601908303246049305F0E2
:1074D00096F87019A0626568686A801968620599F3
:1074E000884206D1281D2022049905F088F8002042
:1074F000686206990868401E0860079DA86A029C99
:107500002028B4D19CE70324009A1470012001992B
:107510001471087013B0F0BD2020F9F74AFCFEDEAC
:10752000CA560000F0B503AFA7B00D460390342053
:10753000085C343104912C4654342A46743229466E
:107540009C3101912E46C4360292400078448088D6
:1075500040008744060016011B011B008600B40092
:10756000DA000020049A1077A96AE86AA863E96340
:107570001C3200920021029A117128672846583067
:10758000FFF7B8F9002817D003200AE12846383061
:1075900004990A461C320092097F4900794489887F
:1075A00049008F440700EE00F3000600EC000F01D5
:1075B0002F01E3E70068DDE7029A1079032813D171
:1075C0003078032810D1019B1878052807D1586816
:1075D000002804D018690268521E0260029A1069DD
:1075E000002801D00020106100206865A96528648A
:1075F0006864A964884200D2D9E02A6C012000990D
:1076000008700021002900D0C1E02A63052816D0A7
:1076100003281BD102980079032817D1307803285A
:1076200014D101980078052810D1019840680028ED
:107630000CD0019800690168491E016006E0207CB9
:10764000032803D128466830FBF788FAE86AA86364
:1076500028463C3005A9642205F016F8002001995F
:107660000871294638311EAE3046FFF7C1FE30782A
:10767000002803D00020012104228BE01EA8411C19
:107680002022284604F0BBFF019908790328029ABA
:1076900011D1087803280ED11078052806D1A86FDB
:1076A000002803D010690168491E0160286E002877
:1076B00001D00020286600201075E86AA8632846DB
:1076C000383000F037F9002803D0002001210522CE
:1076D00060E02A626B62029A107D032811D1107C4F
:1076E00003280ED1207A052806D1286E002803D061
:1076F000E86E0168491E0160A86C002801D00020D6
:10770000A86400201075E86AA8632846383000F0A5
:1077100011F9002803D00020012106223AE000934D
:1077200001920299087D032811D1087C03280ED10B
:10773000207A052806D1286E002803D0E86E01685B
:10774000491E0160A86C002801D00020A864286BA5
:107750000290039908312C464DCC4DC14DCC4DC102
:107760000198039B98630098D863286A696A9862B5
:10777000D962029818630021012208460BE0042018
:107780000FE0234878442321F9F752FAFEDE002067
:1077900001210322039B049C22701960586027B0CA
:1077A000F0BD0099087001210029F0D12DE70021DA
:1077B000217429464031E964401C6864A86BE96B78
:1077C000A965E8652846583000F0E6FA002812D18D
:1077D000207C032803D128466830FBF7BFF9E86C0A
:1077E0000168491C09D2016000202070686CA96CF6
:1077F0008842DCD301E70520D3E70120207002484E
:10780000024901800620CCE70002002050680000F9
:107810006853000080B500AF00F018F980BDD4D4E3
:10782000F0B503AF83B00646054628354C300290CC
:1078300034467434307905220123C04678440079F7
:1078400040008744026C71063C10002028703068AC
:1078500030620092019330460830FFF74BF8002861
:1078600005D00322019B3271184603B0F0BD287881
:107870000328019B009A13D12078032810D1029885
:107880000078052807D1306D002804D0F06D02681B
:10789000521E0260009A706B002801D000207063B5
:1078A000012907D0002933D1002301223271184663
:1078B00003B0F0BD0020029908733068B0601C4628
:1078C0003046083000F036F8002805D00422234660
:1078D0003271184603B0F0BD0299087B00230122E3
:1078E0000328C0D1087A0328BDD12879052806D1FC
:1078F000306B002803D0F06B0168491E0160B0694D
:107900000028B0D00023B3613271184603B0F0BD37
:107910000648082101803271184603B0F0BD0448C2
:1079200078442321F9F784F9FEDEC04600020020E6
:10793000CC510000F0B503AF8BB0044606462436A8
:1079400005464C35287900280794029501960ED0FB
:10795000032806D12878211D039100280DD0032883
:107960001CD0394878442321F9F762F9FEDE002063
:10797000287020686060201D039000202061082886
:1079800008D1012028712870A268E3680020014610
:107990000BB0F0BD0020307060686061214614318A
:1079A00008A8FDF7AFFF089B002B42D00A9A09995F
:1079B0003078052808D1A06A002805D0606B0D46F4
:1079C0000168491E016029461F2939D920390398C9
:1079D0000068406A814234D3069205910D1A2469E9
:1079E0000821091B8D4200D30D4619182031079E2E
:1079F000301908302A46049304F001FE281930613A
:107A00007468606A401960620599884206D1201D39
:107A10002022049904F0F3FD0020606206990868B2
:107A2000401E0860079C2069029D019E0828B1D174
:107A3000A7E7032028712870002101200BB0F0BDBA
:107A40002020F9F7B6F9FEDE88510000F0B503AF4B
:107A50009DB00391029007220192434A7A4400921A
:107A600005AA002414706A46049206AA14710694AA
:107A70000D94109409AA0E920F941594022212925A
:107A80003A4B7B441193149217AA1392384A7A44C2
:107A90001A921BAA1992374A7A44189217901B918E
:107AA000C8681C900EA83449794411AAF9F7CAF89D
:107AB000002818D11098012800D80120401E010983
:107AC000491C0891C0097C284BD808A8139005A828
:107AD000129004A8119011A80024214600F052F839
:107AE000002803D020E020461DB0F0BD234D7D448A
:107AF000234E7E4406A802F025FBC0B20628F9D02A
:107B00000528F7D8800002A10858091828468F4692
:107B1000240000001E0000001C00000028000000DF
:107B200030000000180000000024DCE7E2E702F06B
:107B300085FADFE73046FAE7641E07D2002405E045
:107B40000898844200D2641C844206D011A82146C1
:107B500000F018F80028CDD0E6E7012420461DB03B
:107B6000F0BDF8F729FBFEDE09530000BA52000011
:107B700057E9FFFF7597FFFF88500000F65400009B
:107B8000D6540000F0B503AFA1B00491039003F008
:107B9000B9F8012808D100221292119210920F9286
:107BA0000FA8102103F0B8F80FAC002626716671FB
:107BB000A6762683012020738020E08003210F9188
:107BC0006748149013962020119018A81C258570E2
:107BD000467065220270029103F08AF82046294619
:107BE00003F086F80996039D2C6820680C9605A979
:107BF0000A91049909010B918168C06813960223C8
:107C00001093594A7A440F920193129318AA119231
:107C10001DAA1A92554A7A44199218911D90C0686B
:107C20001E90534878441B900AA8524979440FAAE1
:107C3000F9F708F8002800D086E06968097800297B
:107C4000009014D0206806C8A868046817941C9691
:107C5000112A7BD2154618A804F0D1FC1C984019B3
:107C60001C90642C11D306200A2C11D311E020683B
:107C700006C80FA806773B4B1593019C11940F96ED
:107C80001492139102F064F93AE008200A2C00D211
:107C90000A20022C20D3A8421ED31F9618A81D909C
:107CA0001E96139602981090334878440F900198CE
:107CB00012900AA81190314878440D9017A90C91A0
:107CC0000B9020A80A900498401C20901DA82C49D5
:107CD00079440FAAF8F7B6FF18A80AA90A4618C8E7
:107CE00018C238C838C20E9A0FA806771D4B1593D4
:107CF000019C11940F961492139102F029F9039D9F
:107D000009990FA80677174A159211940F2210921D
:107D1000029A0F92149105A9139102F019F904988F
:107D2000002803D01B48784402F088F90498401CCE
:107D3000A9680968884202D31348784401E01148D1
:107D4000784402F07BF9009821B0F0BD0F487844E8
:107D50002B210FAA0E4B7B44F9F79EF9FEDEC0469D
:107D6000FFFFFF0080000B0038510000F795FFFF78
:107D7000C1E7FFFF044F00006E4E00000985FFFFC2
:107D8000604E0000AC5200002A4E0000315200004C
:107D90004A4F00002E530000F0B503AF95B00246E5
:107DA0004030059010466C300A9010468C30079099
:107DB0001546AC35107B0424012104910B92C0467A
:107DC0007844007940008744028DB31BAF00002047
:107DD000059908701168506891609163D0631146ED
:107DE0001031039100212971906448320CAC204677
:107DF0001146FFF7FDFA2078002811D00320ECE0AF
:107E000010461030039005980078C04678440079F9
:107E10004000874403678D022955E6E7D06BE1E710
:107E20000CA8411C2022039804F0E9FB28790328C0
:107E30000B9A14D12878032811D10A98007E0528BE
:107E400008D10A98C069002804D0079880680168A2
:107E5000491E0160106F002801D00020106700202B
:107E600007990873D06B9064104648301446FFF7AA
:107E700061FD002801D00420AFE02263636307980E
:107E8000007B0328224613D10798007A03280FD1DC
:107E90000A980078052806D1106F002803D0D06F0B
:107EA0000168491E0160906D002801D00020906596
:107EB00000202872D06B906429460831029118E0A6
:107EC000287A294608310291002811D0032809D1C7
:107ED000287911464C310691291D0191002810D0B6
:107EE00003282BD0434878442321F8F7A1FEFEDE77
:107EF000906C00212971D064281D019010464C30EF
:107F0000069000201065212813D1012402980470E6
:107F10000198047005980470039D2846FAF71EFE28
:107F20000B9A2C70002004901473049815B0F0BDC7
:107F3000FEDE00200A990877D06C906778320CA892
:107F40001146FDF7DFFC0C9B002B40D00E9D0D9ED3
:107F50000A98007F052808D107980068002804D0F7
:107F60000798C0680168491E01601F2E0B9A3CD912
:107F7000203E06980068406A864237D30995341A35
:107F8000156D2121491B8C4200D30C46089319180A
:107F9000203150195430224604F031FB0B9A6019FD
:107FA0001065D56C686A00196862B04207D1281D57
:107FB0002022089904F023FB0B9A0020686209999B
:107FC0000868401E0860106D2128B2D19DE703208B
:107FD000029908700199087005200599087003241A
:107FE0000B9A1473049815B0F0BD20203146F8F7B1
:107FF000E0FEFEDE064C0000F0B503AF9DB003913D
:10800000029006220192444A7A44009205AA012570
:1080100015706A46049206AA0024147106940D9401
:10802000109409AA0E920F941594022212923B4BBF
:108030007B441193149217AA1392394A7A441A92E4
:108040001BAA1992374A7A44189217911B90C0685C
:108050001C900EA83449794411AAF8F7F3FD0028C2
:1080600018D11098012800D82846401E0109491C43
:108070000891C0097C284CD808A8139005A8129034
:1080800004A8119011A80024214600F053F80028FC
:1080900003D021E020461DB0F0BD244D7D44244E88
:1080A0007E4406A802F04EF8C0B20628F9D0052892
:1080B000F7D8800002A10858091828468F46C04604
:1080C000240000001E0000001C000000280000002A
:1080D00030000000180000000024DBE7E1E701F0B9
:1080E000ADFFDEE73046FAE7641E07D2002405E064
:1080F0000898844200D2641C844206D011A821460C
:1081000000F018F80028CCD0E6E7012420461DB086
:10811000F0BDF8F751F8FEDE274D00000C4D0000D1
:10812000A9E3FFFFC791FFFFDA4A0000484F0000B4
:10813000284F0000F0B503AFA1B00491039002F006
:10814000E1FD012808D100221292119210920F92A3
:108150000FA8102102F0E0FD0FAC00262671667119
:10816000A6762683012020738020E08003210F91D2
:108170006748149013962020119018A81C2585702C
:10818000467065220270029102F0B2FD2046294637
:1081900002F0AEFD0996039D2C6821680C9605A897
:1081A0000A90049800010B908868C968139602230E
:1081B0001093594A7A440F920193129318AA11927C
:1081C0001DAA1A92554A7A44199218911D90C068B6
:1081D0001E90534878441B900AA8524979440FAA2C
:1081E000F8F730FD002800D086E06968097800299A
:1081F000009014D0206806C8A868046817941C96DC
:10820000112A7BD2154618A804F0F9F91C984019D8
:108210001C90642C11D306200A2C11D311E0206885
:1082200006C80FA806773B4B1593019C11940F9637
:108230001492139101F08CFE3AE008200A2C00D22F
:108240000A20022C20D3A8421ED31F9618A81D90E6
:108250001E96139602981090334878440F90019818
:1082600012900AA81190314878440D9017A90C91EA
:108270000B9020A80A900498401C20901DA82C491F
:1082800079440FAAF8F7DEFC18A80AA90A4618C80C
:1082900018C238C838C20E9A0FA806771D4B15931E
:1082A000019C11940F961492139101F051FE039DBD
:1082B00009990FA80677174A159211940F22109268
:1082C000029A0F92149105A9139101F041FE0498AE
:1082D000002803D01B48784401F0B0FE0498401CED
:1082E000A9680968884202D31348784401E011481C
:1082F000784401F0A3FE009821B0F0BD0F48784407
:108300002B210FAA0E4B7B44F8F7C6FEFEDEC046BB
:10831000FFFFFF0080000B00884B00004790FFFF2D
:1083200011E2FFFF54490000BE480000597FFFFFE3
:10833000B0480000FC4C00007A480000814C00006E
:108340009A4900007E4D0000F0B503AFA3B00221B2
:108350000291474979440191039005A901220A70CD
:1083600001A9049106A900240C7106940D9410949F
:1083700009A90E910F940178C90738D0411C0092C9
:108380001BAD20262846324604F039F91A96199575
:10839000009D38487844189019A8179015941295A4
:1083A000354878441190149517A813900EA83349B6
:1083B000794411AAF8F746FC002818D11098012832
:1083C00000D82846401E0109491C0891C0097C2894
:1083D0004BD808A81D9005A81C9004A81B901BA8AA
:1083E0000024214600F050F8002803D020E0204669
:1083F00023B0F0BD224D7D44224E7E4406A801F0FC
:10840000A1FEC0B20628F9D00528F7D8800002A145
:108410000858091828468F46240000001E00000056
:108420001C000000280000003000000018000000C0
:108430000024DCE7E2E701F001FEDFE73046FAE77F
:10844000641E07D2002405E00898844200D2641C10
:10845000844206D01BA8214600F016F80028CDD093
:10846000E6E70124204623B0F0BDF7F7A5FEFEDEC7
:10847000D94900000D180000424900008047000063
:10848000EE4B0000CE4B0000F0B503AFA5B0069157
:10849000059002F037FC012808D100221C921B92A3
:1084A0001A92199219A8102102F036FC19AE002474
:1084B00034717471B4763483012004903073802059
:1084C000F080032119916F481E901D942020039085
:1084D0001B9011A81C2585704470652202700291C2
:1084E00002F006FC3046294602F002FC0B94059887
:1084F000026810680E9407A90C91069909010D9164
:1085000080680178C90702D1049825B0F0BD0192B6
:10851000411C19AD2846039E324604F070F823969C
:1085200022955A487844189022A8179003941594DD
:10853000049C1294564878441190149417A81390F0
:108540000CA85449794411AAF8F77CFB002820466E
:1085500000D08CE0059A50680078002816D0019869
:10856000006822C8906804682194039E1596112D16
:108570007FD211A82A4604F042F8159840191590A8
:10858000642C14D306200A2C14D314E0019800683C
:1085900006C819A8002303773B4C1F9402241B94A0
:1085A00019931E921D9101F0D3FC039E39E008201F
:1085B0000A2C00D20A20022C20D3A8421ED32496D3
:1085C00011A8229023961D9602981A90324878445A
:1085D000199002201C900CA81B90304878440F90F2
:1085E00021A90E910D9017A80C900698401C179089
:1085F00022A82B49794419AAF8F724FB11A80CA941
:108600000A4618C818C238C838C2109A19A806777E
:108610001D4B1F9302231B9319961E921D9101F06F
:1086200097FC0B9919A80677174A1F9202221B92F2
:108630000F221A92029A19921E9107A91D9101F018
:1086400087FC0698002803D01A48784401F0F6FC0D
:108650000698401C059989680968884202D3124827
:10866000784401E00F48784401F0E8FC304625B03A
:10867000F0BD0E4878442B2119AA0D4B7B44F8F726
:108680000BFDFEDEFFFFFF0080000B007D160000EB
:10869000AE470000EC4500004A450000E57BFFFFC7
:1086A0003C45000086490000044500000B490000DD
:1086B000244600000A4A0000F0B503AF83B002462A
:1086C0000846283001900E464C360C4674348879A2
:1086D0000D46400078448088400087440800FD0033
:1086E00002010D00480070009B00C400F70000204C
:1086F0000199087028682862029228460830FEF71F
:10870000F9F8002806D00420029908800320A871F7
:1087100003B0F0BD01980078032811D12078032818
:108720000ED13078052806D1286D002803D0E86DD9
:108730000268521E0260686B002801D00020686346
:10874000032900D9BEE00020890002A25158531825
:108750009F46C0466001000010000000600000005D
:10876000B6000000002030722868A860029A0292C9
:108770002846083000F0BAF8000405D00420029919
:108780000880A87103B0F0BD327A0120032A3BD1E2
:108790003279032A38D1019A1278052A06D1EA6A79
:1087A000002A03D0AA6B13685B1E13602A69002A93
:1087B00028D129E0002030722868A860029A02922D
:1087C0002846083000F092F8000406D004200299F0
:1087D00008800520A87103B0F0BD327A0220032A78
:1087E00012D13279032A0FD1019A1278052A06D1C3
:1087F000EA6A002A03D0AA6B13685B1E13602A6919
:10880000002A01D000222A6154E00020307228683A
:10881000A860029A14462846083000F067F8000461
:1088200005D0042020800620A87103B0F0BDA980E7
:10883000307A0328224612D1307903280FD10198CB
:108840000078052806D1E86A002803D0A86B0168E3
:10885000491E01602869002801D0002028610020FD
:1088600030722868A86002922846083000F03EF86E
:10887000000406D00420029908800720A87103B0E4
:10888000F0BD0A46307A032812D1307903280FD17F
:1088900001980078052806D1E86A002803D0A86B63
:1088A0000168491E01602869002801D00020286164
:1088B000A9880320029B9A80598018800120A87102
:1088C00003B0F0BD074808210180029A04201080FF
:1088D0000820A87103B0F0BD034878442321F8F7BD
:1088E000A7F9FEDE0002002012420000F0B503AF3F
:1088F0008BB00446064620360546483528790028C0
:108900000794029501960ED0032806D12878211DE0
:10891000039100280DD003281AD039487844232128
:10892000F8F786F9FEDE0020287020686060201DC0
:1089300003900020A060022806D101202871287031
:10894000A18900200BB0F0BD00203070606820616C
:108950002146103108A8FCF7D5FF089B002B44D016
:108960000A9A09993078052808D1606A002805D04C
:10897000206B0D460168491E016029461F293AD91E
:10898000203903980068406A814235D306920591E8
:108990000D1AA4680221091B8D4200D30D46191837
:1089A0002031079E304608300019001D2A460493E6
:1089B00003F025FE2819B0607468606A401960628F
:1089C0000599884206D1201D2022049903F017FE44
:1089D0000020606206990868401E0860079CA06835
:1089E000029D019E0228AFD1A7E7032028712870BD
:1089F00001200BB0F0BD2020F8F7DBF9FEDEC04609
:108A0000D0410000F0B503AF95B0072001903E487B
:108A10007844009003A8002404706846029004A8DB
:108A2000047104940B940E9407A80C900D94139465
:108A300001251095354878440F90129434487844B5
:108A400011900CA8334979440FAAF8F7FBF80028D5
:108A500018D10E98012800D82846401E0109491C4B
:108A60000691C0097C284CD806A8119003A8109044
:108A700002A80F900FA80024214600F051F800280A
:108A800003D021E0204615B0F0BD234D7D44234E98
:108A90007E4404A801F056FBC0B20628F9D0052890
:108AA000F7D8800002A10858091828468F46C0460A
:108AB000240000001E0000001C0000002800000030
:108AC00030000000180000000024DBE7E1E701F0BF
:108AD000B5FADEE73046FAE7641E07D2002405E067
:108AE0000698844200D2641C844206D00FA8214616
:108AF00000F016F80028CCD0E6E70124204615B097
:108B0000F0BDF7F759FBFEDE5C430000F6430000C2
:108B100032450000EA40000058450000384500009A
:108B2000F0B503AFA1B00491029002F0EBF8012878
:108B300008D100221292119210920F920FA81021C8
:108B400002F0EAF80FAC002626716671A67626833D
:108B50000120039020738020E08003210F91604862
:108B6000149013962020119018A81C25857046702B
:108B700065220270019102F0BBF82046294602F0FE
:108B8000B7F809961A9605A81890049D280119901F
:108B9000139603981090544878440F9012965348B7
:108BA0007844119018A8524979440FAAF8F74AF866
:108BB000002800D089E0029C6168097800290390B0
:108BC00015D02068006822C8A068046817941C9615
:108BD000112D7CD218A82A4603F011FD1C984019CB
:108BE0001C90642C12D306200A2C12D312E02068A9
:108BF000006806C80FA806773A4B15930223119315
:108C00000F961492139101F0A3F93BE008200A2C6F
:108C100000D20A20022C20D3A8421ED31F9618A8E7
:108C20001D901E96139601981090324878440F902C
:108C3000022012900AA811902F4878440D9017A98D
:108C40000C910B9020A80A900498401C20901DA81D
:108C50002A4979440FAAF7F7F5FF18A80AA90A4686
:108C600018C818C238C838C20E9A0FA806771D4B0C
:108C70001593022311930F961492139101F068F942
:108C8000029C049D09990FA80677164A15920222A4
:108C900011920F221092019A0F92149105A913912B
:108CA00001F056F9002D03D01948784401F0C6F9B7
:108CB000681CA1680968884202D31248784401E020
:108CC0000F48784401F0BAF9039821B0F0BD0E487E
:108CD00078442B210FAA0D4B7B44F8F7DDF9FEDE1B
:108CE000FFFFFF0080000B0094420000D043000013
:108CF000883F0000EC3E00008775FFFFDE3E00006D
:108D00002A430000A83E0000AF420000C83F000018
:108D1000AA430000F0B503AF95B0072001903B488F
:108D20007844009003A9002008706946029104A9C4
:108D3000087104900B900E9007A90C910D90139060
:108D400001241094324979440F91129031487844AB
:108D500011900CA8304979440FAAF7F773FF002847
:108D600017D10E98012800D82046401E0109491C41
:108D70000691C0097C2845D806A8119003A8109038
:108D800002A80F900FA80024214600F04BF80028FD
:108D900001D015B0F0BD214D7D44214E7E4404A884
:108DA00001F0D0F9C0B20628F9D00528F7D8800024
:108DB00002A10858091828468F46C0462200000024
:108DC0001C0000001A000000260000002E00000019
:108DD00018000000DDE7E2E701F030F9DFE7304698
:108DE000FAE7641E07D2002405E00698844200D208
:108DF000641C8442CDD00FA8214600F013F800284F
:108E0000CDD0C6E7F7F7D8F9FEDEC0464C400000EB
:108E1000C240000022420000DA3D00004C42000047
:108E20002C420000F0B503AFA1B00491029001F014
:108E300069FF012808D100221292119210920F921C
:108E40000FA8102101F068FF0FAC00262671667193
:108E5000A67626830120039020738020E0800321E2
:108E60000F916048149013962020119018A81C258B
:108E70008570467065220270019101F039FF20462D
:108E8000294601F035FF09961A9605A81890049D09
:108E900028011990139603981090544878440F9025
:108EA000129653487844119018A8524979440FAA51
:108EB000F7F7C8FE002800D089E0029C61680978B5
:108EC0000029039015D02068006822C8A0680468B3
:108ED00017941C96112D7CD218A82A4603F08FFBFC
:108EE0001C9840191C90642C12D306200A2C12D313
:108EF00012E02068006806C80FA806773A4B159361
:108F0000022311930F961492139101F021F83BE084
:108F100008200A2C00D20A20022C20D3A8421ED3FB
:108F20001F9618A81D901E9613960198109032480F
:108F300078440F90022012900AA811902F4878448C
:108F40000D9017A90C910B9020A80A900498401C32
:108F500020901DA82A4979440FAAF7F773FE18A894
:108F60000AA90A4618C818C238C838C20E9A0FA8EB
:108F700006771D4B1593022311930F9614921391AC
:108F800000F0E6FF029C049D09990FA80677164A97
:108F90001592022211920F221092019A0F921491AF
:108FA00005A9139100F0D4FF002D03D0194878448F
:108FB00001F044F8681CA1680968884202D312488D
:108FC000784401E00F48784401F038F8039821B064
:108FD000F0BD0E4878442B210FAA0D4B7B44F8F7C7
:108FE0005BF8FEDEFFFFFF0080000B006C3F00001F
:108FF000CC400000843C0000E83B00008372FFFF8F
:10900000DA3B000026400000A43B0000AB3F00001C
:10901000C43C0000A6400000F0B503AF95B00820A6
:1090200001903E487844009003A8002404706846EC
:10903000029004A8047104940B940E9407A80C9059
:109040000D94139401251095354878440F9012948F
:109050003448784411900CA8334979440FAAF7F7A3
:10906000F1FD002818D10E98012800D82846401E8E
:109070000109491C0691C0097C284CD806A811900A
:1090800003A8109002A80F900FA80024214600F01A
:1090900051F8002803D021E0204615B0F0BD234D43
:1090A0007D44234E7E4404A801F04CF8C0B206284B
:1090B000F9D00528F7D8800002A1085809182846D9
:1090C0008F46C046240000001E0000001C00000067
:1090D0002800000030000000180000000024DBE73A
:1090E000E1E700F0ABFFDEE73046FAE7641E07D2A7
:1090F000002405E00698844200D2641C844206D015
:109100000FA8214600F016F80028CCD0E6E701248D
:10911000204615B0F0BDF7F74FF8FEDE683D0000C1
:10912000663D00001E3F0000D63A0000443F0000AC
:10913000243F0000F0B503AFA1B00491029001F00C
:10914000E1FD012808D100221292119210920F9293
:109150000FA8102101F0E0FD0FAC0026267166710A
:10916000A67626830120039020738020E0800321CF
:109170000F916048149013962020119018A81C2578
:109180008570467065220270019101F0B1FD2046A4
:10919000294601F0ADFD09961A9605A81890049D80
:1091A00028011990139603981090544878440F9012
:1091B000129653487844119018A8524979440FAA3E
:1091C000F7F740FD002800D089E0029C616809782B
:1091D0000029039015D02068006822C8A0680468A0
:1091E00017941C96112D7CD218A82A4603F007FA72
:1091F0001C9840191C90642C12D306200A2C12D300
:1092000012E02068006806C80FA806773A4B15934D
:10921000022311930F961492139100F099FE3BE0F4
:1092200008200A2C00D20A20022C20D3A8421ED3E8
:109230001F9618A81D901E961396019810903248FC
:1092400078440F90022012900AA811902F48784479
:109250000D9017A90C910B9020A80A900498401C1F
:1092600020901DA82A4979440FAAF7F7EBFC18A80B
:109270000AA90A4618C818C238C838C20E9A0FA8D8
:1092800006771D4B1593022311930F961492139199
:1092900000F05EFE029C049D09990FA80677164A0D
:1092A0001592022211920F221092019A0F9214919C
:1092B00005A9139100F04CFE002D03D01948784405
:1092C00000F0BCFE681CA1680968884202D31248FD
:1092D000784401E00F48784400F0B0FE039821B0D4
:1092E000F0BD0E4878442B210FAA0D4B7B44F7F7B5
:1092F000D3FEFEDEFFFFFF0080000B00043C0000F9
:10930000BC3D000074390000D8380000736FFFFFC7
:10931000CA380000163D0000943800009B3C000055
:10932000B4390000963D000080B500AF00F0E2F9CE
:1093300080BD80B500AF00F025F880BD002101722E
:1093400041728172C172017341738173C17301747F
:1093500041748174C174017541758175C17501765F
:1093600041768176C176017741778177C177202276
:109370008154203041708170C170017141718171DF
:10938000C1717047F0B503AF99B003900721029106
:109390003F497944019105A901250D7001A9049166
:1093A00006A900240C7106940D94109409A90E913D
:1093B0000F9415941295374979441191149517A972
:1093C000139135497944189117900EA8334979447F
:1093D00011AAF7F737FC002818D11098012800D8F7
:1093E0002846401E0109491C0891C0097C284CD818
:1093F00008A8139005A8129004A8119011A80024A1
:10940000214600F073F8002803D021E0204619B06F
:10941000F0BD234D7D44234E7E4406A800F092FE0D
:10942000C0B20628F9D00528F7D8800002A1085854
:10943000091828468F46C046240000001E00000080
:109440001C00000028000000300000001800000090
:109450000024DBE7E1E700F0F1FDDEE73046FAE764
:10946000641E07D2002405E00898844200D2641CE0
:10947000844206D011A8214600F038F80028CCD04C
:10948000E6E70124204619B0F0BDF6F795FEFEDEB2
:1094900094390000AC3B0000E1000000623700009E
:1094A000D03B0000B03B000080B500AF8AB0006840
:1094B00000220492012201920A4B7B440093039202
:1094C00006AA0292084A7A44079208AA0692202223
:1094D00009924C300890486989696A46F7F7B2FBEF
:1094E0000AB080BD2A380000DB060000F0B503AFEB
:1094F000A1B00491039001F005FC012808D10022DD
:109500001292119210920F920FA8102101F004FCF8
:109510000FAC002626716671A67626830120029084
:1095200020738020E08003210F91654814901396EA
:109530002020119018A81C258570467065220270A5
:10954000019101F0D5FB2046294601F0D1FB099697
:10955000039D2C6820681A9605A9189104990901A1
:109560001991806800961396029A10925649794490
:109570000F9112920AA91191544979440B910A90C2
:1095800018A8534979440FAAF7F75CFB002800D0CC
:109590008AE06968097800292E46029015D0206873
:1095A00012C8B06806681796009D1C95112C7DD2D4
:1095B00018A8224603F023F81C9800191C90642E6A
:1095C00012D306200A2E12D312E0206806C80FA874
:1095D000009D05773B4B1593022311930F95149231
:1095E000139100F0B5FC3AE008200A2E00D20A20C0
:1095F000022E20D3A0421ED31F9518A81D901E95A1
:10960000139501981090334878440F9002201290DF
:109610000AA81190304878440D9017A90C910B902E
:1096200020A80A900498401C20901DA82B4979443A
:109630000FAAF7F707FB18A80AA90A4618C818C204
:1096400058C858C20E9A0FA805771E4B15930223CF
:1096500011930F951492139100F07AFC039E0999CF
:109660000FA80577174A1592022211920F22109225
:10967000019A0F92149105A9139100F069FC0498C6
:10968000002803D01A48784400F0D8FC0498401C05
:10969000B1680968884202D31248784401E0104852
:1096A000784400F0CBFC029821B0F0BD0E4878441D
:1096B0002B210FAA0D4B7B44F7F7EEFCFEDEC046D4
:1096C000FFFFFF0080000B00F63900002BFFFFFFBB
:1096D000AC35000010350000AB6BFFFF0235000019
:1096E0004C390000CA340000D1380000EA350000CF
:1096F000CE390000F0B503AF8FB01220049042487D
:109700007844039006A80021017003AA059207AAD5
:109710001171079101220092099209AA0C920B90F3
:1097200005A80A900AA8019100F074F83748784417
:109730000290374E7E4401F0E5FA01280FD001F087
:10974000E1FA01280BD00DA800210171C17002229D
:109750008270417060210170052101F0C9FA01F0A9
:10976000D1FA0128E7D107AD04210024284622467A
:1097700001F0D2FA28780528F1D107AB1879DA7808
:10978000510805460D431D7100281CD0012AD2D86E
:1097900007A90C710328CED8C0001A49C140C8B22D
:1097A0000528C8D87844007940008744160302078A
:1097B0001A27C0E7029800F041FCBCE70199491E56
:1097C00016D2002114E00229F4D0012905D0002985
:1097D000B1D107A800210171ADE7304600F02EFCA1
:1097E000A9E709980199814200D2491C814204D01D
:1097F0000AA8019100F00EF89DE7009C20460FB0EA
:10980000F0BDC0460603040514360000B63800005B
:1098100094380000F0B503AF9FB00191029001F0C1
:1098200071FA012808D1002210920F920E920D9227
:109830000DA8102101F070FA0DAD00262E716E7189
:10984000AE762E83012028738020E88003210D91BD
:1098500053481290119620200F9016A81C24847053
:10986000467065220270009101F042FA28462146B6
:1098700001F03EFA0796029C60680078002815D037
:109880002068006822C8A068046815941A96112DF3
:109890007DD216A82A4602F0B2FE1A9840191A90F4
:1098A000642C12D306200A2C12D312E02068006820
:1098B00006C80DA806773B4B139302230F930D9612
:1098C0001292119100F044FB3AE008200A2C00D2D9
:1098D0000A20022C20D3A8421ED31D9616A81B9046
:1098E0001C96119600980E902F4878440D900220F7
:1098F000109008A80F902D4878440B9015A90A9154
:1099000009901EA808900198401C1E901BA8284989
:1099100079440DAAF7F796F916A808A90A4618C8B7
:1099200018C238C838C20C9A0DA806771D4B13937D
:1099300002230F930D961292119100F009FB029CE5
:109940000DA806771749139102210F910F210E914F
:1099500000990D91129603A9119100F0F9FA019D59
:10996000002D03D01548784400F068FB681CA168FE
:109970000968884205D31048784400F05FFB1FB0A7
:10998000F0BD0C48784400F059FB1FB0F0BD0C4806
:1099900078442B210DAA0B4B7B44F7F77DFBFEDEB1
:1099A000FFFFFF0080000B002E320000C968FFFFA0
:1099B0002032000068360000EC310000EE36000076
:1099C000EF350000083300007047D4D4F0B503AF82
:1099D00087B00C46019048698E69F3685C49794408
:1099E0000D220546029398470121002802D008461F
:1099F00007B0F0BD0091207F40070CD45549794451
:109A000003222E462846029CA047002810D0009929
:109A1000084607B0F0BD5849794403222C46284631
:109A2000029DA84700280FD00099084607B0F0BD56
:109A300049497944042530462A46A04700282AD0BF
:109A40000099084607B0F0BD06A8012101700590F5
:109A50000496039403A84949794404263246F7F74B
:109A6000BFF9002843D103A8454979440222F7F7FA
:109A7000B7F900283BD10198007842497944052282
:109A800078440079400087442D0222262A003E496E
:109A900079440C2226E03149794402223046A0471D
:109AA000002803D00099084607B0F0BD019800785F
:109AB0002B4979440522C046784400794000874408
:109AC00038022D313500274979440C2231E02F49E5
:109AD00079440B2206E02E4979440B2202E02D49FD
:109AE0007944324603A8F7F77BF9002803D00099A0
:109AF000084607B0F0BD03A8274979440222F7F7CA
:109B00006FF90028009900D071E7244979440122B7
:109B10002046A8470146084607B0F0BD12497944DF
:109B20000B2206E0114979440B2202E010497944E6
:109B30002A463046A0470028009900D057E70D4933
:109B4000794402223046A0470146084607B0F0BDDE
:109B50007D3200000A300000BE2F0000332F0000CD
:109B60008231000071310000273100002A310000ED
:109B7000BE2E0000D32E0000F52F0000982F00000D
:109B8000612F0000B8310000A931000075310000DC
:109B9000783100000C2F0000162F0000062F000067
:109BA0007047D4D4F0B503AF97B04268002A35D0DF
:109BB000056848690490886903901C4878440290BD
:109BC0001B48784401900592069502980E9006A8CD
:109BD0000D900FA80321017701260C960B90089693
:109BE000019807900A960DA8099008201590002466
:109BF0001494202013900220129011940F9007AA21
:109C000004980399F7F71EF800280BD1059A521E05
:109C10006D1C002AD7D1204617B0F0BD0024204685
:109C200017B0F0BD3446204617B0F0BD75000000F7
:109C3000A2330000D0B502AFA2B00C460068007895
:109C40000F2101400A2901D3572200E03022521887
:109C500002A97E314A70020903D0A02804D35720FC
:109C600003E07F20012104E03020801808707E206E
:109C70000221009102A90B180349794402222046CF
:109C8000F6F71EFB22B0D0BD663000000021017047
:109C900041708170C170017141718171C171017236
:109CA00041728172C172017341738173C173017416
:109CB00041748174C174017541758175C1750176F6
:109CC00041768176C176017741778177C17720220D
:109CD0008154203041708170C17001714171817176
:109CE000C171017241728172C172017341738173DA
:109CF000C173017441748174C174017541758175BA
:109D0000C175017641768176C17601774177817799
:109D1000C1777047F0B503AFA9B00590412084002A
:109D200000F0F0FF01280FD000F0ECFF01280BD06D
:109D300007A800210171C170022282704170602168
:109D40000170052100F0D4FF0598019400190290DC
:109D500007AD8021284602F0FCFCA81D0390E81CFA
:109D600004900120000206905B4C04E0628005989C
:109D7000049902F044FC00F0C5FF012800D07DE00A
:109D800007AD802100262846324600F0C5FF6878DE
:109D9000A9780902081829780F2917D0162939D06F
:109DA0001029E8D100BA000C0228E4D907A8C2782B
:109DB0007F2111400079042839D0022848D0012899
:109DC000D9D14648039901F05EF8D4E780B20699EC
:109DD0008842D0D107A8C078401E0728CBD8C046FB
:109DE0007844007940008744043D03410303034560
:109DF000C1E70121394D284601F058F9284601F004
:109E000035F9A0790028B6D1A683E660266166619F
:109E1000A661B0E721780029ADD10A212170062181
:109E2000A17100BA020C7D2AA0D37D229EE70629EB
:109E3000A1D2601807AA527902730698001D27ABB9
:109E40009880059827902548039A01F049F892E7F1
:109E5000062990D24800201846822048039A01F033
:109E60009AF888E71D4801F028F984E71B4801F0BB
:109E700020F980E7194801F01EF97CE720780728CF
:109E800017D00A28029D1BD1A98827A85322027047
:109E900009BA0A0E8270090C4170032100F028FFF4
:109EA00068680199884213D881B2059800F020FFB4
:109EB00006E0029DA9880A487844059A00F062FEEF
:109EC000002028606860A0712070608029B0F0BD1B
:109ED000F6F76FFFFEDEC046040200207802002085
:109EE000B10A0000B0B502AF412292008C58042C98
:109EF00005D10021154A7A4402604160B0BD0B795A
:109F0000002B05D05A1DA2420ED8491D0AC0B0BD73
:109F1000052CEED0062C07D04B798D792D02ED184B
:109F200002D0EB1DA34204D90021016006498180C3
:109F3000B0BDFE2D02D2C91D22C0B0BD18461146CB
:109F4000F6F737FFFEDEC046036E00007A300000F1
:109F5000F0B503AF8BB0044600F0D4FE012808D161
:109F60000022069205920492039203A8102100F0A9
:109F7000D3FEA068217F0128019103D0032807D1D7
:109F8000E26806E00621C94362694A437E3200E086
:109F90000022618B236803257B441B795B009F446F
:109FA0000901050820235B1A5D0803E01D235D1AE3
:109FB00000E06568A38A029303AE0023B37633738F
:109FC000738131814919491EB18072800721318026
:109FD0000199002901D0082100E00A214200164D14
:109FE0007D44AA5A0A433283022803D00620029DE8
:109FF000684301E08020029DF08008930D4807909F
:10A0000028461C3001BA0A0E0AA88270090C417059
:10A0100065210170032100F06BFE1C21304600F029
:10A0200067FE206900F0CEFD294600F061FE0BB00E
:10A03000F0BDC046FFFFFF00942D0000F0B503AF58
:10A0400089B0054600F05EFE012808D10022049286
:10A0500003920292019201A8102100F05DFE28688F
:10A0600000F0B0FD04468068E16801AE0022327362
:10A0700072813181F080E888B0803283B276052029
:10A080003080A888708005920692A18808A8652271
:10A090000270253109BA0A0E8270090C4170032141
:10A0A00000F026FE1C21304600F022FE06487844CF
:10A0B000092100F01DFE206800F084FDA18800F059
:10A0C00017FE09B0F0BDC046FC2E0000F0B503AF8E
:10A0D0008BB00446006800F075FDA1880291E1880C
:10A0E00001918568C66800F00DFE012808D10022A4
:10A0F000069205920492039203A8102100F00CFE30
:10A1000003AC0022A2762283012020736281268183
:10A11000E5800198A0800298608003212180084892
:10A12000089007920AA81C2585704270652202706B
:10A1300000F0DEFD2046294600F0DAFD0BB0F0BD50
:10A14000FFFFFF00F0B503AF83B0044600F0DAFD77
:10A1500001280FD000F0D6FD01280BD001A8002166
:10A160000171C1700222827041706021017005216D
:10A1700000F0BEFD00F0C6FD0626012818D104211E
:10A18000002520462A4600F0C7FD20780528F1D199
:10A190002079E178490802460A43227100280BD051
:10A1A00000291CD0032916D03546284603B0F0BD3F
:10A1B0003546284603B0F0BD0329F5D8794409791E
:10A1C00049008F4402011608F3E70020207135464C
:10A1D000284603B0F0BD0225284603B0F0BD257126
:10A1E00004283546E5D2C000044DC540284603B0DA
:10A1F000F0BD0125284603B0F0BDC04606030405A6
:10A20000F0B503AF8DB00391029000F07BFD012803
:10A2100008D10022079206920592049204A8102108
:10A2200000F07AFD04AC002626716671A6762683BE
:10A230000120009020738020E08003210491634876
:10A2400009900896202006900CA81C258570467061
:10A2500065220270019100F04BFD2046294600F076
:10A2600047FD029A10680068811E039B994208D13D
:10A270001569546904A80921C180002C0DD0122150
:10A280000CE0401E98421FD19569D46904A80921A9
:10A29000C180002C5AD0122159E03C2181804D49C7
:10A2A00079440491FFF7CAFE002C42D0012C1ED144
:10A2B00004A8067746490A91022106910099049163
:10A2C00069680991296810E0D168994279D9916843
:10A2D00004A806773E4A0A9202220692009A049245
:10A2E000DA008B185B680993895808911FE004AC69
:10A2F000267737480A9002200290069005200590A4
:10A300000198049068680990286808902046FFF733
:10A310001FFE26772E480A9002980690102005907E
:10A3200001980490E8680990A86808902046FFF713
:10A330000FFE29487844FFF781FE0398002803D0D8
:10A3400027487844FFF77AFE0DB0F0BD3C218180AC
:10A35000224979440491FFF771FE002CEDD0012CC5
:10A360000CD104A806771A490A9102210691009996
:10A37000049169680991296808911FE004AC267767
:10A3800013480A900220029006900520059001983B
:10A39000049068680990286808902046FFF7D8FD67
:10A3A00026770B480A900298069010200590019895
:10A3B0000490E8680990A86808902046FFF7C8FD57
:10A3C000BBE71846F6F7F5FCFEDEC046FFFFFF00D0
:10A3D00080000B00A02D0000B82C0000BE2C000057
:10A3E000122D0000F0B503AF91B00E4648698C699C
:10A3F000E568314979440F220390A84701210028DC
:10A400000ED101910295F56968070CD42B49794466
:10A410000122039D2846029CA04700280FD00199E5
:10A42000084611B0F0BD2749794402220398029BE7
:10A43000984700280DD00199084611B0F0BD204979
:10A44000794402223046F6F747F800280199E7D10F
:10A4500029E007A9012008702022B35C08A88354D2
:10A4600006910594039904910F95174979440E912B
:10A4700004A90D913ECE08AE3EC61449794402228D
:10A48000F6F72AF8002803D00199084611B0F0BD6C
:10A4900004A80F4979440222F6F7A2FC0028029C86
:10A4A0000199039DBCD10B49794401222846A0475C
:10A4B0000146084611B0F0BD7C2B000007260000C5
:10A4C0002C2B0000EE25000064250000F02A00007F
:10A4D0007C2500006C260000F0B503AF95B001911B
:10A4E0000290072004905D4878440390062006906F
:10A4F0005B487844059000F005FC012808D1002253
:10A500000B920A920992089208A8102100F004FC0C
:10A5100008AD00242C716C71AC762C830120009066
:10A5200028738020E880032108914B480D900C94FB
:10A5300020200A9012A81C268670447065220270A2
:10A5400000F0D6FB2846314600F0D2FB0199881C6A
:10A550000790009A0F9205A80E900D9203A80C90F8
:10A560000B9102980A9014A8099007A8089008A8CF
:10A570002146FFF745FE10A80471109403E008A8D7
:10A580002146FFF73DFE00F0BDFB01280FD000F093
:10A59000B9FB01280BD012A800210171C170022261
:10A5A0008270417060210170052100F0A1FB00F074
:10A5B000A9FB0128E7D110AE0421002530462A4628
:10A5C00000F0AAFB30780528F1D110AB1879DA78C1
:10A5D000510806460E431E71002811D0012AD2D818
:10A5E00010A90D7101281FD0022825D00328CAD137
:10A5F0000799881E844229D0491E8C42BFD125E08C
:10A60000022907D001290AD00029BCD110A80021B5
:10A610000171B8E714487844FFF710FDB3E711481B
:10A620007844FFF70BFDAEE710487844FFF74EFD86
:10A63000641EA4D22C46A2E70D487844FFF746FDDD
:10A640000798401E84429AD2641C98E7211A484217
:10A65000484115B0F0BDC046FFFFFF00842B00004D
:10A66000812B0000A8290000CE2900009E290000AF
:10A67000AA29000080B500AFC0B200F01FFBFEDECB
:10A68000F0B59BB008930592049107463548364DC6
:10A6900000F098FA0390083D284600F093FA064629
:10A6A00008360021229802902198099020980A905B
:10A6B00001978F424DD90498079100F083FA0799CA
:10A6C0007A1A402A00D340220D4641180BA8069260
:10A6D00001F095FF05982F1800200399B14217D279
:10A6E0000A68D21B3F2A11D803239A430BADAB58FB
:10A6F0000A9CA3420AD3099CA34207D2AA18089C29
:10A700001B191360621E2346934118430831E5E785
:10A710000299002905D00BA93846069A01F06FFF6F
:10A7200013E0C00711D0384600F04CFA0BAD2946B3
:10A73000069C224600F094FA384600F043FA294677
:10A74000224601F03EFF002805D107994031019FC4
:10A75000AFE71BB0F0BD002000F0F4FA012000F0DC
:10A76000ADFA000080C7D0C0C0C9D0C0F0B585B078
:10A7700004920D460646084F084C384600F022FA6F
:10A780000121009701940291C31B30462946049A87
:10A79000FFF776FF05B0F0BD0000D0C0C0D2D0C03A
:10A7A000F0B589B004AB07C3184D1948039028468B
:10A7B00000F008FA04460890164800F003FA07462D
:10A7C000066801200790012E1CD0B44218D00398CF
:10A7D000401B3018039007A9042538462A4600F08C
:10A7E0003FFA00200096039901910290A31B04AA4E
:10A7F00007CAFFF745FF08A938462A4600F030FA95
:10A8000009B0F0BD012000F059FA00000000D0C0EE
:10A81000C0D2D0C080D2D0C070B58CB062B627484C
:10A820002749284AFFF7BCFF274828494A46FFF72F
:10A830009DFF2749274801F081FF0024204600F0B2
:10A8400081FA1D4D6E46304600F046F8B08580B264
:10A85000052820D0002824D16E46304600F072FA38
:10A860000A902021284601F074FF00F021F9002011
:10A8700001F066F8012001F063F8F5F7E6FB00F05F
:10A8800057FAB04202D10A9800F05CFA6846808D0F
:10A890000028D7D00DE0684684850A9800F052FA67
:10A8A000D0E7684684850A9800F04CFA20460CB040
:10A8B00070BD00F0CFF9C04604020020C0070000C0
:10A8C000C0C9D0C0C0C9D0C00000000080D1D0C075
:10A8D0009401000000020020F0C041464A46534661
:10A8E0005C466D4676467EC02838F0C8002070472A
:10A8F00010307CC890469946A246AB46B54608C87B
:10A900002838F0C8081C00D1012018477F210140D9
:10A91000052903D802484018007B70470020704783
:10A92000040200207CB5FF2A1DD815460E460446B9
:10A93000684642712021017150210170802121431C
:10A94000C170D11C8170090A4170062100F0D0F954
:10A950003046294600F0CCF96006000E024908187E
:10A960007D21090141827CBD0402002080B50A4698
:10A9700001468220FFF7D6FF80BDD4D4FEB50292F7
:10A9800004469888019018680090434EB1420FD059
:10A990000F46414D40262846314601F0CFFE029A2F
:10A9A000402A00D332462846394601F07CFE3A4E12
:10A9B000B078002821D0012825D0022827D00528EA
:10A9C00061D13079F17809020918344C22680020ED
:10A9D0008A4220D12168002925D031490A6802988D
:10A9E000401F83B29A4200D2086885B23B2D00D343
:10A9F0003B252C480068711D37E00020B071707154
:10AA00003071F07003E0F01C042100F00DF92248D1
:10AA10004021A0470020214900220A6021490A6004
:10AA20001F490A60FEBDB1797279120252181E499F
:10AA30000A600A68019B9A42EDD80968184F39608C
:10AA40007178327812025118184A1160154900982D
:10AA500008603A680299C91F8BB29A4200D23968DD
:10AA60008DB2392D00D33925F11D2A4601F01BFE88
:10AA70000B480168491B01600A48016849190160D7
:10AA80002068401C206006480068002801D0012092
:10AA9000FEBD0220BFE7C046240200206402002061
:10AAA0006C02002070020020680200207402002066
:10AAB00003480021016003480160034801607047BA
:10AAC00064020020700200206C020020F8B5274AC2
:10AAD0001568274B1968002921D0002D1FD0009040
:10AAE000264C671D3B263846314601F027FE204A9A
:10AAF0000520A07022480168090A21700068607072
:10AB00001C490868000AE07008682071096810682C
:10AB100000290CD03B2800D81668384612E01548AA
:10AB2000002101601160144801701960F8BD3928D6
:10AB300001D9392600E016681068000A60711068B3
:10AB4000A071E01D2946324601F0ADFD084B009A88
:10AB500006491868801B1860A8190860054908682C
:10AB6000401C0860054840219047F8BD7002002055
:10AB70006C02002064020020040200202402002055
:10AB80007402002010B500290AD0064B00241C6076
:10AB9000054B1960054B1A60054A1160FFF796FFD7
:10ABA00010BDC046640200206C020020700200202C
:10ABB000680200207A460249C91C891A401A704767
:10ABC000B5ABD0C080B50449884204D3034988425C
:10ABD00001D2FFF7EFFF80BD0000D0C0C0D2D0C0CF
:10ABE00003B401482FE000000900000003B401484D
:10ABF00029E000001B00000003B4014823E000002E
:10AC00002300000003B401481DE0000025000000FF
:10AC100003B4014817E000002D00000003B4014810
:10AC200011E000003500000003B401480BE0000013
:10AC30005800000003B4014805E000005F00000078
:10AC400003B40248FFE70249084700007100000012
:10AC500001001200044600F06BF82146FFF748FEA1
:10AC6000FEB501AB07C3034801A900F085F806B0A3
:10AC700080BDC0467F03006010B58AB00F9C07946A
:10AC80000E9C06940D9C05940C9C049403930292D4
:10AC9000019100900248694600F06EF80AB010BDBC
:10ACA000D8A60060F8B5002102910190024801A9E0
:10ACB00000F062F804B080BD5864006084B00021E8
:10ACC00002910190024801A900F056F8FFDEC0464B
:10ACD000BE9A0060F8B5002102910190034801A9D5
:10ACE00000F04AF8C0B204B080BDC046DA9B0060F4
:10ACF000F8B5019100900248694600F03DF88FBD1B
:10AD000081830060E0B5002001900248694600F0B0
:10AD100033F88CBDBB840060FEB501AB07C30348AC
:10AD200001A900F029F880B206B080BDE48500607A
:10AD3000E0B5002001900248694600F01DF88CBD86
:10AD4000B1870060F8B5002102910190024801A985
:10AD500000F012F804B080BD060B0160F8B50021C8
:10AD600002910190034801A900F006F8C0B204B0B6
:10AD700080BDC0468B9C006001DF002900D1704778
:10AD80000846FFF767FFF8B5002814D015460E46B1
:10AD900004460746DC3745208100204601F0D9FCF7
:10ADA000002E00D07E61257001203870204600F012
:10ADB000A3F90020F8BD0220F8BDB0B50446DC20A0
:10ADC000012121541720C543002D0ED060194321C5
:10ADD00089004058002806D04068FFF7F3FE02467D
:10ADE0002179204690470835EEE7204600F0B7F974
:10ADF000204600F08BF90020B0BD002A08D00346A1
:10AE00000020022B03D8DB00C918F423CA50704776
:10AE10000220704780B500F088F9002080BDF8B5A9
:10AE20000C4605460026F427032E10D0284631464E
:10AE300000F062FA002807D0E8590068FFF7C2FE68
:10AE400002462846214690470837761CECE700204A
:10AE5000F8BDF8B50C4605460026F427032E10D0A1
:10AE60002846314600F048FA002807D0E8594068E3
:10AE7000FFF7A8FE02462846214690470837761C71
:10AE8000ECE70020F8BD70B504460646D4363546DA
:10AE90001435284600F05CFCD42001212150708B31
:10AEA0007060317D1F200840022808D001280BD097
:10AEB00000280ED12046294600F029FA0EE020464F
:10AEC000294600F0C9FB09E02046294600F0A0FB16
:10AED00004E080200140204600F07CF9002070BD95
:10AEE000F0B585B0029303920446DC3004900191E2
:10AEF00000291CD00025F427032D49D020462946DF
:10AF000000F0FAF900280FD0E059806900280BD032
:10AF100004990978032907D1FFF754FE0646204615
:10AF20000199039A029BB04708376D1CE4E720465D
:10AF30008030416D03292BD10068E16F81420AD92D
:10AF4000091AE167814200D301468AB2204603997B
:10AF500000F040FC1CE00025F426032D15D020460F
:10AF6000294600F0C9F900280CD0A0590069002832
:10AF700008D004990978032904D1FFF723FE01467C
:10AF80002046884708366D1CE7E7204600F029FC7C
:10AF9000002005B0F0BDF8B504460746D43700914F
:10AFA00000291AD03D460026F427032E5CD0204607
:10AFB000314600F0A1F900280CD0E0594069002882
:10AFC00008D0297A032905D1FFF7FCFD0246204667
:10AFD000009990470837761CE7E7386802283DD18A
:10AFE000E069256AA84209D9401BE061F96B49195B
:10AFF000F96382B2204600F0DFFB2FE0A6693046FD
:10B00000294601F0E3FA00290CD1AE420AD3786850
:10B01000864207D20025204629462A4600F0CCFB6E
:10B020007D601BE00025F426032D14D02046294620
:10B0300000F062F900280BD0A059C068002807D0A2
:10B04000397A032904D1FFF7BDFD01462046884720
:10B0500008366D1CE8E7204600F0CFFB387B01285E
:10B0600002D13946002038730020F8BD70B504467F
:10B07000DC20012121548020402121502162002523
:10B08000F426032D10D02046294600F035F900287B
:10B0900007D0A0594068FFF795FD02462179204668
:10B0A000904708366D1CECE7002070BD017400204D
:10B0B0007047002070470020704770B50446DC20C0
:10B0C000205C032815D10025F426032D11D020463D
:10B0D000294600F011F9002808D0A059C0690028BD
:10B0E00004D0FFF76FFD01462046884708366D1CE7
:10B0F000EBE7002070BDD4D402490020086002496B
:10B1000008607047900300208C0300201CB501A844
:10B110000221C17001218170002444704F2101700F
:10B120000421FFF7E5FD20461CBD7CB56D460024DB
:10B130002C710320E8700220A8706C704F262E70CE
:10B1400005212846FFF7D4FD0120E870A8706C7037
:10B150002E7004212846FFF7CBFD20467CBD1CB590
:10B1600001A80221C17001218170002444704F2187
:10B1700001700421FFF7BCFD20461CBD7CB51348BF
:10B1800000240460124804606D46AC7169710121AD
:10B1900029710420E8700526AE706C704F242C7065
:10B1A000002A0AD0032A05D0022A05D0012A06D196
:10B1B000014602E0022100E00321684681716846F1
:10B1C000C3710821FFF794FD00207CBD8C03002093
:10B1D00090030020BCB50D46684600244471402110
:10B1E0000171C570032181704470502101700621E6
:10B1F000FFF77EFD68B2002801DA074800E0054845
:10B2000001687F2215400122AA400A4302602046BD
:10B21000BCBDC046900300208C030020BCB50D4689
:10B2200068460024447180210171C570032181703A
:10B230004470502101700621FFF75AFD68B20028C2
:10B2400001DA074800E0054801687F221540012225
:10B25000AA40914301602046BCBDC0469003002037
:10B260008C03002048B2002801D4064800E00448BE
:10B2700002787F2001400120884010407047C0467E
:10B280008C030020900300201CB568460171032147
:10B29000C17002218170002444704F21017005218A
:10B2A000FFF726FD20461CBDBCB51C46154668466A
:10B2B000437120220271C17050210170D91C81702C
:10B2C000090A41700621FFF713FD28462146FFF7C2
:10B2D0000FFD0020BCBD1CB56846427130220271D2
:10B2E000C170032181700024447050210170062137
:10B2F000FFF7FEFC20461CBD022906D8C9004018F5
:10B30000F4214058411E884170470020704780B5A5
:10B310004A78002A0ED0012A0FD0032A10D0052A1D
:10B3200011D0092A12D0082A13D0062A14D100F00D
:10B3300017F813E000F0FEF810E000F03CF90DE023
:10B3400000F01CF90AE000F082F807E000F0A2F833
:10B3500004E000F0D8F801E000F056F9002080BDCC
:10B36000BCB50D46044601A8002101802046F030FE
:10B370006B881A0A012A26D0022A2DD0032A0AD065
:10B38000062A31D0072A16D00F2A30D10068C069AA
:10B3900000281AD12BE0D9B2052949D001294AD079
:10B3A00002294BD003294CD004294DD000291ED1AD
:10B3B0000068406809E0217C002918D14068002815
:10B3C00015D0006B1EE000680068FFF7FBFB02462B
:10B3D000207C01A990471AE04068002818D0217C01
:10B3E00000290ED0C06A0DE0217C002904D020463F
:10B3F000294600F009F9BCBD40680028F7D0406B31
:10B4000000E0806AFFF7DEFB014601A8884701469D
:10B4100001A80288002AEED0E8880028EBD08242FA
:10B4200000D3024601A80280204600F0AFF9BCBD5F
:10B4300000688069C9E700688068C6E70068C0687E
:10B44000C3E700680069C0E700684069BDE770B500
:10B4500004468888002807D1C888002804D12646D9
:10B46000DC363078032803D1204600F0CDF870BDDB
:10B4700088787F250540B57020462946FFF704FFF0
:10B48000204600F0AEF9002D01D0022000E001209E
:10B49000307070BD70B50D4604468E78022E1ED2F7
:10B4A000DC20215C2046DC30032907D0022916D19C
:10B4B000002E24D00321017066600AE0002E13D014
:10B4C000606801281BD0C1B22046FFF7C2FC0120F2
:10B4D000606020463146FFF7A2FC02280FD12046CB
:10B4E000294600F091F870BD0021616002210170D1
:10B4F00020463146FFF7ADFC204600F072F92046A9
:10B5000000F06FF970BD80B5CA88012A0AD1DC222B
:10B51000825C032A09D0022A04D1002181600146FD
:10B52000083103E000F070F880BD011D012200F039
:10B530002DF980BDB0B50446DC20205CFE2202401F
:10B54000022A0FD12046DC300121E16025460C356E
:10B55000806800280AD0204600F04FF9E1680220F8
:10B56000084304E0204600F04FF8B0BD0320E0603F
:10B5700002222046294600F009F9B0BDB0B50446C4
:10B580004888012816D10D46E42001212150287950
:10B5900002280CD8C0002018F4214058002806D0FA
:10B5A0008068FFF70FFB0246204629469047204659
:10B5B00000F017F9B0BDB0B50D460446DC20205CA4
:10B5C000FE21014002291AD1688801281BD120469A
:10B5D000DC3000218160287902280CD8C0002018B6
:10B5E000F4214058002806D08068FFF7EBFA0246A5
:10B5F000204629469047204600F0F3F8B0BD20468B
:10B60000294600F001F8B0BD80B500F0B5F880BD66
:10B61000B0B50D460446DC20205C032816D12879FD
:10B62000022813D8C0002018F421405800280DD05B
:10B630008068FFF7C7FA0246204629469047E88807
:10B64000002807D1204600F0CCF803E02046294628
:10B65000FFF7DAFF0020B0BDBCB50D4604460979FE
:10B660007F200840072804D320462946FFF7CCFF57
:10B670006CE0022912D82A7860231340202B0DD1C8
:10B68000CA00A218F423D258002A07D09068FFF706
:10B6900099FA024620462946904757E06A78002AE0
:10B6A0000AD0012A11D0032A50D1DC20205C0328C3
:10B6B00017D002280FD0D7E7DC22A25C032A29D0BA
:10B6C000022AD1D1002808D140E0DC22A25C032A62
:10B6D0002CD0022AC8D1480638D02046FFF77AFD80
:10B6E00034E06888002805D1480603D02046FFF7DB
:10B6F00071FD2979022926D8C8002018F421405864
:10B70000002820D08068FFF75DFA024620462946CF
:10B71000904718E02046FFF7A5FD411E884101A98A
:10B7200008800222204600F031F80FE06A88002AE3
:10B730000CD1002807D02046FFF770FD2879022899
:10B7400001D8C000D9E7204600F04BF80020BCBD6E
:10B750000A7802704A7842708A78CB781B029A186D
:10B7600042800A794B791B029A1882808A79C979BA
:10B7700009028918C180704710B504468021FFF77F
:10B7800029FD00212046FFF725FD10BDB0B50C4670
:10B79000D421022343508261C2610146D431CC637B
:10B7A000016A914200D80A4693B2002529462246F2
:10B7B000FFF77AFD2846B0BDB0B50C46016A91424C
:10B7C00000D80A4693B2002529462246FFF76CFDB1
:10B7D0002846B0BD10B500242146FFF77CFD204669
:10B7E00010BD10B5D4210422425000242146224627
:10B7F0002346FFF759FD204610BD10B5D421052280
:10B800004250002421462246FFF765FD204610BD28
:10B810000146EC20064A125C0020002A01D00346B3
:10B8200000E009230B80002A01D1024878447047C8
:10B8300078020020501800000146EC20064A125CF5
:10B840000020002A01D0034600E022230B80002ABA
:10B8500001D1024878447047780200203118000076
:10B8600080B5022903D103487844FFF72FF900205F
:10B8700080BDC04601F1FFFF70B502291CD11C46F6
:10B88000154602214022FFF726FD0C4EB079002814
:10B8900012D10220FFF73AF802460A4878442946B6
:10B8A0002346FFF76BF8022806D1072030700120ED
:10B8B000B071034800687080002070BD0402002051
:10B8C00068020020CDF0FFFF122008800148784474
:10B8D0007047C046321800000420088001487844B0
:10B8E0007047C046341800000E2008800148784494
:10B8F0007047C046281800000E2008800148784490
:10B900007047C046261800000A2008800148784485
:10B910007047C046241800000E2008800148784473
:10B920007047C046061800000E2008800148784481
:10B930007047C046F6170000002008807047D4D436
:10B94000B0B50446452081000F4800F002FF0F48C3
:10B950000C30122100F0FDFE002C11D00A4C0C49D5
:10B960007944002520462A46FFF70DFA094A7A4411
:10B9700028462146FFF741FA2046FFF74BFAB0BDB3
:10B980000148FFF71AFAB0BD780200200402002037
:10B99000481700005A170000292101800148784407
:10B9A0007047C0469E1700000A2101800148784474
:10B9B0007047C046BA170000FEB50E46054602A8FD
:10B9C0000024048001A8047009786020084010D089
:10B9D000202839D1707801460A39022934D3022847
:10B9E0001DD003281BD028463146FFF70DFE022448
:10B9F0002AE070780B2815D00A2810D0062823D109
:10BA0000F0780002000A002421280FD022282246C4
:10BA1000214616D102AF3846FFF70EFF0AE001A912
:10BA200001220EE02846FFF7DCFE0DE002AF3846AB
:10BA3000FFF7EEFE01463A88F088824200D30246C4
:10BA40003A802846FFF7A2FE2046FEBDF8B5044620
:10BA500082210326402532462B46FFF78FFB022723
:10BA60002046394632462B46FFF788FB20463946AA
:10BA70002A46FFF730FC0020F8BD00207047F0B5E3
:10BA800003AF87B015460C4606460393002A00D143
:10BA900084E0002B00D081E0002C00D11EE1AC42FC
:10BAA00000D322E12A0C944220462C4600D83EE1E5
:10BAB000230A984200D83FE12109884200D80C4669
:10BAC00004910295A108884200D80C4606916508A9
:10BAD0000121002405940C46A8420D4600D931E10D
:10BAE00090422246049900D932E11201984223463D
:10BAF00000D9059BDB009A1888422146234600D9CD
:10BB000005990496890089180446069A9042019383
:10BB1000184600D90598400040181F2640193546A0
:10BB200001D020210D1A029803992A4600F083FAC9
:10BB30002E40019AB2400692049E09E01E462C4611
:10BB4000049880088A078018069A92080692890845
:10BB5000331A25468D410BD40646059A06980243B2
:10BB600005920198854200D2DEE02C46304601E085
:10BB70003346254604904608CA07B2184E08981A5C
:10BB8000B441DBD4069A5208059B1343019DAC4295
:10BB9000059300D2E3E022460646D1E70021701B60
:10BBA0002046039A904100D291E0002C00D18EE013
:10BBB00002951846230C01469842204600D8A1E081
:10BBC000050AA94200D8A2E001940209914200D8D6
:10BBD000A3E004968408A14200D8204605944608B4
:10BBE00001240020B1420646069400D93446009450
:10BBF0009942069B049800D933461B01A942069D31
:10BC0000019C00D93546ED00EB189142069A00D907
:10BC100032469200D2180B4605998B420699029D36
:10BC200000D9314649008918009A8A189340059333
:10BC30001F2353406908D940059B19432B460D46E5
:10BC400019469140069B934006930BE02E460B4607
:10BC500004988008059DAA07811806988008069018
:10BC6000AD0818460491411A22460595AA4109D407
:10BC700006980643354602980E1A164603988641E2
:10BC800003D21CE035460146224604984608059B2F
:10BC9000D80730185E0814460A1A2346B341D5D493
:10BCA000069846082E430298101A1846039CA04195
:10BCB000354618461346114604460246C8D20020AF
:10BCC0000690284613460A46069907B0F0BD32464C
:10BCD000234608460691069907B0F0BD304629462E
:10BCE00000F0BFF94543721B44E048D1304621467D
:10BCF00000F0B7F94443321B002301210691069955
:10BD000007B0F0BD1846050AA94200D95CE72846ED
:10BD100001940209914200D95BE710460496840819
:10BD2000A14200D859E759E71E46029D19E0144682
:10BD3000230A984200D9BFE61C462109884200D850
:10BD4000BDE6BDE6059D90422246049900D8CCE6AA
:10BD5000059A12019842234600D9CAE6CAE6029D16
:10BD600006463046294600F07CF9059901434543D3
:10BD7000721B084600230693069907B0F0BD059391
:10BD80002046294600F06DF9294606904143631A82
:10BD9000280C1FD1300C19040C182046294600F03D
:10BDA00060F93146064628467043201A000489B2DD
:10BDB00044182046294600F054F94543621B3104DB
:10BDC0000143330C0846069919430691002306994E
:10BDD00007B0F0BD701B18460399884104D20020BB
:10BDE0003246069907B0F0BD012268080599C907D7
:10BDF00009180295E8070392D207002507E02646B6
:10BE0000059880088A078018049A920889083446A1
:10BE10000590361A18468841049205D41543039AB2
:10BE2000904212D33446034605984008CE07801945
:10BE30004A08261A18469041E1D4049A520815433C
:10BE4000039A904201D30346DAE73046029C21462A
:10BE500000F007F905434443321B284600230699A6
:10BE600007B0F0BDF0B503AF83B00246884203D2FD
:10BE70000020114603B0F0BD140CA142104639D980
:10BE8000060AB1423AD9030999423BD90193830882
:10BE9000994200D818460293430801250020994290
:10BEA0002B4600D90346A1422C4600D904460093F4
:10BEB0002401B1422E4600D90646F3001C19019B0D
:10BEC00099422B4600D903469B001B19029CA142B4
:10BED0002C4600D904466000C018009BC3189D4042
:10BEE0000C469C40161B8E4212D232462846114602
:10BEF00003B0F0BD2046060AB142C4D8304603095B
:10BF00009942C3D81846019383089942C2D9C2E71F
:10BF1000002C03D429462846324615E06408321B1B
:10BF20005B1E1F200193184002900120029B984045
:10BF3000002A029000DA0020002A00DA3246284364
:10BF40008A420299019B94D3491E002B0BD00326F1
:10BF50001E400AD055002A1B521C00D41546012E43
:10BF600006D15A1E13E0154613E015461A460EE098
:10BF70006D002A1B521C00D41546022E01D19A1EB8
:10BF800005E06D002A1B521C00D41546DA1E042B56
:10BF90000AD21F2213402A46DA402940084311469C
:10BFA00003B0F0BD121FF4D06D002E1B761C0CD513
:10BFB0006D002E1B761C0DD56D002E1B761C0ED52C
:10BFC0006D002E1B761CEDD40EE035466D002E1B49
:10BFD000761CF1D435466D002E1B761CF0D4354608
:10BFE0006D002E1B761CDDD43546DBE7F0B503AFC4
:10BFF00084B00393144602910190050C92B2009212
:10C000002946514382B2230C16465E430020711824
:10C0100040410E0C0004861908045D4300994A4310
:10C0200010187541029A62430399019B594389187C
:10C03000691804B0F0BDD0B502AF93060BD4002A46
:10C0400008D01F2354421A4091401C400346E3404D
:10C0500019439040D0BD1F210A4001469140002065
:10C06000D0BD80B500AFFFF7FDFE80BDD0B502AFFB
:10C070001446FFF7F7FE002C00D02160D0BDD0B5EC
:10C0800002AFFFF7FCFCBC68002C00D00CC4D0BD94
:10C09000F0B503AF87B0102A68D30492434203225D
:10C0A00003921340C418002B16D002460E46357872
:10C0B0001570521CA2420FD275781570521CA24204
:10C0C0000AD2B5781570521CA24205D2F5781570C7
:10C0D000521C361DA242EAD3049AD21A1646039D78
:10C0E000AE43A519C91802918907019004920096E0
:10C0F00040D0012E52DB029EF20018205142024035
:10C1000005920140069103988643306810360599E0
:10C11000C84031460C390A681146069B99400143D4
:10C1200002C4AC423AD20598C24030460838006892
:10C130000146069B9940114302C4AC422ED2059998
:10C14000C840311F09680A46069B9A40024304C44E
:10C15000AC4223D20598C14030680246069B9A4003
:10C160000A4304C41036AC42D1D317E00546002A76
:10C170001DD132E0012E11DB0299086801C4AC42E6
:10C180000CD2486801C4AC4208D2886801C4AC42F1
:10C1900004D2C86801C41031AC42EED3049A0398AB
:10C1A00002400098029909180198002A15D0AC188D
:10C1B0000A782A706A1CA2420FD24B781370521C64
:10C1C000A2420AD28B781370521CA24205D2CB78BD
:10C1D0001370551C091DA542EAD307B0F0BDF0B598
:10C1E00003AF8BB0431A934200D391E08C188318AD
:10C1F000102A00D2FAE006940892059003201E4609
:10C200008643099303900340584207900493002B00
:10C210000A9620D00898441E05980A5D0255051913
:10C22000AE4218D26B1E0A19561E36781E700A9E30
:10C230009E4210D2AB1E961E36781E700A9E9E42FB
:10C2400009D2EB1ED21E12781A70001F089A8218AB
:10C25000091F9642E1D308980499421A134603989D
:10C260008343F11A069C07982018019080070292D8
:10C27000009300D1C1E0012B00DAE4E0019AD30081
:10C2800018205C42034009930440089403988243B9
:10C290001068103A0792321F04920024089A9040C6
:10C2A000079A1519EB681A46099EF2400243049852
:10C2B00002510219914200D3C5E008988340A86852
:10C2C00006460695099DEE40069D1E43131F1E60FF
:10C2D000994200D3B7E0089B98406D682B46099EB1
:10C2E000F3400343104608380360814200D3AAE0BC
:10C2F00008988540079800590346099EF3402B4350
:10C300000C3A1360103C0A9A12199142C6D39AE073
:10C31000102A6ED308924342032207921340C41896
:10C32000002B16D002460E4635781570521CA242DC
:10C330000FD275781570521CA2420AD2B5781570CA
:10C34000521CA24205D2F5781570521C361DA2422D
:10C35000EAD3089AD21A1646079DAE43A519C91802
:10C360000691890705900892049600D18CE0012E71
:10C3700000DA9DE0069EF200182051420240099228
:10C3800001400A9107988643306810360999C840E1
:10C3900031460C390A6811460A9B9940014302C490
:10C3A000AC4200D384E00998C240304608380068A7
:10C3B00001460A9B9940114302C4AC4278D20999C4
:10C3C000C840311F09680A460A9B9A40024304C4C8
:10C3D000AC426DD20998C140306802460A9B9A402F
:10C3E0000A4304C41036AC42D0D361E00546194676
:10C3F00033E00546002A64D179E0012B23DB264691
:10C400000798001F3258099B1A501A1891421AD2E5
:10C41000131F3418251F2D681D60994213D213462F
:10C42000083B2546083D2D681D6099420BD20C3A09
:10C430000C3C23681360099A103A0992079BD218A2
:10C44000103E9142DED30398029B034005984ED0E4
:10C45000009A5242019CA418CD1A221FD3784C1E78
:10C460002370A54243D293788C1E2370A5423ED2FE
:10C470005378CC1E2370A54239D21378091F0B7054
:10C48000121F8D42EAD332E0012E11DB06990868B3
:10C4900001C4AC420CD2486801C4AC4208D28868DE
:10C4A00001C4AC4204D2C86801C41031AC42EED31E
:10C4B000089A079802400498069909180598002AD6
:10C4C00015D0AC180A782A706A1CA2420FD24B7899
:10C4D0001370521CA2420AD28B781370521CA242D3
:10C4E00005D2CB781370551C091DA542EAD30BB0B9
:10C4F000F0BDD4D4F0B503AF81B0102A31D345429A
:10C5000003231D404419002D10D006463170761CBF
:10C51000A6420BD23170761CA64207D23170761C2F
:10C52000A64203D23170761CA642EFD3521B1646A8
:10C530009E43A519012E10DB0093CBB2144E5E432F
:10C54000009B40C4AC4208D240C4AC4205D240C4B7
:10C55000AC4202D240C4AC42F3D31A40002A03D109
:10C5600013E00546002A10D0AA1829706B1C9342CC
:10C570000BD219705B1C934207D219705B1C93425B
:10C5800003D219705D1C9542EFD301B0F0BDC046D7
:10C5900001010101B0B502AF03460020002A0DD011
:10C5A0000C781D78A5420AD1012A07D04C785D7815
:10C5B000A54204D1891C9B1C921EF1D1B0BD281B41
:10C5C000B0BD80B500AFFFF7E5FF80BD00B581B01D
:10C5D0006A46FFF74BFD009901B000BDFEDE10B5C5
:10C5E00084B002AC0094FFF74AFD029A039B04B0AA
:10C5F00010BDFEDE80B500AFFFF74AFD80BD80B5FF
:10C6000000AFFFF7F7FF80BDF0B503AF83B013466F
:10C610000546042A17D31A1F9008401C032606401B
:10C6200002921BD0009101C901902846019C10C0C4
:10C63000012E15D0009948686860022E09D1083B88
:10C64000083108350AE01A462846FFF7D3FF03B041
:10C65000F0BD8868A8600C3B0C310C3528461A46A2
:10C66000029B0C2B0CD30B6803604B6843608B68F8
:10C670008360CB68C36010301031103A032AF2D8BF
:10C68000FFF7B8FF03B0F0BD80B500AFFFF7BCFF08
:10C6900080BD80B500AFFFF7F7FF80BD80B500AF6C
:10C6A000FFF79DFD80BD80B500AFFFF7F7FF80BDB0
:10C6B00080B500AF0B4611461A46FFF71BFF80BD41
:10C6C000F0B503AF81B00B460446D2B2042913D3B0
:10C6D000164D009255431A1F9008401C0326064031
:10C6E00013D0204620C0012E114610D06560022EC6
:10C6F00008D1083B083408E019462046FFF7D8FF68
:10C7000001B0F0BDA5600C3B0C34204619460C2A44
:10C71000009A07D3056045608560C5601030103908
:10C720000329F7D8FFF7C4FF01B0F0BD01010101F3
:10C7300080B500AF0022FFF7BBFF80BD80B500AF22
:10C74000FFF7F6FF80BD80B500AF0022FFF7B8FF0E
:10C7500080BD80B500AFFFF7F6FF80BD80B500AFAC
:10C76000FFF7F1FF80BDD4D4D4D4D4D4D4D4D4D45E
:10C77000D4D4D4D4D4D4D4D4D4D4D4D4D4D4D4D479
:10C78000D4C9D0C0022F0000E0C9D0C002370000D9
:10C79000E4C9D0C0023B0000E8C9D0C0023E00009E
:10C7A0001CCBD0C00258020024CBD0C002580200DB
:10C7B0002CCBD0C00258020034CBD0C0022F0000D6
:10C7C00040CBD0C00276010044CBD0C0027801003B
:10C7D00048CBD0C0027A010054CBD0C0025802002E
:10C7E00068CBD0C00258020094CBD0C0020B00002E
:10C7F00098CBD0C0020F00009CCBD0C0020F00002D
:10C80000A0CBD0C0020F000018CCD0C00212020092
:10C8100024CCD0C00214020028CCD0C0027D01007C
:10C8200034CCD0C0027F01007CCCD0C002580200C2
:10C830009CCCD0C002580200A4CCD0C0022F000073
:10C84000B0CCD0C0026F0100D4CCD0C0022702000F
:10C85000E0CCD0C002320000E8CCD0C002580200C8
:10C8600040CDD0C00258020048CDD0C002580200CE
:10C87000ACCDD0C002580200B4CDD0C002580200E6
:10C880000CCED0C00258020030CED0C002580200F8
:10C8900050CED0C00258020074CED0C00258020060
:10C8A00088CED0C002580200B8CED0C002580200D4
:10C8B000CCCED0C00258020004CFD0C00258020033
:10C8C00018CFD0C0025802003CCFD0C0025802009E
:10C8D00050CFD0C00258020068CFD0C0025802002A
:10C8E000B8CFD0C002580200CCCFD0C0025802004E
:10C8F000D4CFD0C002580200E8CFD0C00258020006
:10C90000F0CFD0C00258020014D0D0C002580200AC
:10C9100044D0D0C00258020058D0D0C00258020003
:10C9200060D0D0C0022702006CD0D0C00249020003
:10C93000ACD0D0C002F80200B0D0D0C002FC0200DF
:10C94000B4D0D0C002000300B8D0D0C002040300AD
:10C95000BCD0D0C002080300C0D0D0C0020C03007D
:10C96000C4D0D0C0020F0300C8D0D0C00212030050
:10C97000CCD0D0C002E10300D0D0D0C002E203008E
:10C98000D4D0D0C002E30300E0D0D0C002DE030068
:10C99000E4D0D0C002DF0300F4D0D0C002170300FF
:10C9A000F8D0D0C002170300FCD0D0C0021703009B
:08C9B00000D1D0C0021B0300FE
:10C9C000426F72726F774D75744572726F725B3A17
:10C9D00020000000B10DD0C00C00000004000000D9
:10C9E000E10DD0C04110D0C08510D0C0481242081F
:10C9F0005A65726F6B696E645175697420202020CE
:10CA0000494F5441218424014261636B207B202CD7
:10CA100020207B0A2C0A7D207D28280A0A5D3030E0
:10CA200030313032303330343035303630373038E2
:10CA300030393130313131323133313431353136D1
:10CA400031373138313932303231323232333234B7
:10CA5000323532363237323832393330333133329D
:10CA60003333333433353336333733383339343083
:10CA70003431343234333434343534363437343872
:10CA80003439353035313532353335343535353661
:10CA90003537353835393630363136323633363447
:10CAA000363536363637363836393730373137322D
:10CAB0003733373437353736373737383739383013
:10CAC0003831383238333834383538363837383802
:10CAD00038393930393139323933393439353936F1
:10CAE00039373938393900000000000000000000F3
:10CAF000606173796E6320666E6020726573756D18
:10CB0000656420616674657220636F6D706C657416
:10CB1000696F6E00A520282F2900000015CBD0C01A
:10CB20000200000017CBD0C00100000018CBD0C01D
:10CB300001000000B10DD0C00C0000000400000096
:10CB4000F963D0C09964D0C0A565D0C0C0E0703B87
:10CB50001F0E00004CCBD0C00700000008000000F2
:10CB6000060000000000000054CBD0C078000D008B
:10CB700000000000000000000000000000000000B5
:10CB800000000000000000000000000000000000A5
:10CB9000010000007500D0C08100D0C08100D0C06D
:10CBA0008100D0C063616C6C656420604F707469F3
:10CBB0006F6E3A3A756E77726170282960206F6ED9
:10CBC000206120604E6F6E65602076616C756555E2
:10CBD0006E726561636861626C653A2073686F7537
:10CBE0006C642062652066696C7465726564206F90
:10CBF00075742062792070726F746F636F6C20722D
:10CC0000756C6573206265666F7265207468697300
:10CC100020706F696E742E00C999D0C001000000A9
:10CC200001000000CD99D0C0B965D0C00800000057
:10CC300004000000C565D0C0456D707479496E76FA
:10CC4000616C69644469676974506F734F7665728B
:10CC5000666C6F774E65674F766572666C6F77505E
:10CC600061727365496E744572726F72436170616F
:10CC7000636974794572726F723A20006CCCD0C0CF
:10CC80000F000000696E73756666696369656E748E
:10CC900020636170616369747900000084CCD0C046
:10CCA00015000000B10DD0C0080000000400000015
:10CCB000A963D0C0616C726561647920626F727221
:10CCC0006F7765645472616E73616374696F6E200F
:10CCD00048617368A19BD0C0000000000100000003
:10CCE000BD0DD0C030780000E4CCD0C00200000000
:10CCF0002C0000807A1000807B0000800000008003
:10CD0000000000802C0000807B1000807B000080F1
:10CD1000000000800000008050726F76696465201A
:10CD20005075626C6963204B657941646472657308
:10CD300073546F416D6F756E74494F5441202E00CE
:10CD400039CDD0C0050000003ECDD0C001000000AC
:10CD5000617474656D707420746F206469766964A1
:10CD600065206279207A65726F4D61782047617322
:10CD70005741524E494E470000000080008000009D
:10CD800044697361626C656453657474696E67733A
:10CD90005472616E736665725369676E2054726176
:10CDA0006E73616374696F6E3F00000098CDD0C0F0
:10CDB0001100000000CAD0C0040000005472616E6F
:10CDC00073616374696F6E206E6F74207265636F38
:10CDD000676E697A65642C20656E61626C6520629D
:10CDE0006C696E64207369676E696E6720746F206A
:10CDF0007369676E20756E6B6E6F776E20747261EB
:10CE00006E73616374696F6E73000000BCCDD0C037
:10CE10004D0000005472616E73616374696F6E201F
:10CE20006E6F74207265636F676E697A6564000067
:10CE300014CED0C01A000000426C696E64205369A1
:10CE4000676E205472616E73616374696F6E3F0028
:10CE500038CED0C01700000030323100000000C0D2
:10CE60000030500000C10030084000000068001889
:10CE7000000000005BCED0C0190000000E000000D2
:10CE80000E0000000000000074CED0C03700020089
:10CE900056657273696F6E302E322E3100000000BD
:10CEA0000C400BF807FCC0F3F03CF003FE012D0032
:10CEB00003000000000000009CCED0C0190000005C
:10CEC0000E0000000E00000000000000B8CED0C030
:10CED00037000200426C696E64205369676E696EA8
:10CEE00067456E61626C6564E001FEC1FD387F06D6
:10CEF000DF81FFC47FF3FFBC1FE7E7F13FF807784E
:10CF000000000000E8CED0C0190000000E000000B4
:10CF10000E0000000000000004CFD0C03700020067
:10CF2000000000000C8007F003FEC1FFF03FF0039B
:10CF3000CC0033C00C0000000000000020CFD0C0A7
:10CF4000190000000E0000000E00000000000000AC
:10CF50003CCFD0C037000200576F726B696E672EEE
:10CF60002E2E43616E63656C74CFD0C0000000004C
:10CF70002829000054727946726F6D496E744572AB
:10CF8000726F7263616C6C65642060526573756C5E
:10CF9000743A3A756E77726170282960206F6E203E
:10CFA000616E2060457272602076616C756501006B
:10CFB000000000FFFFFF0000ECC9D0C0040000002B
:10CFC000040000000700000000000000B8CFD0C03F
:10CFD00006000C0004CAD0C00400000004000000D9
:10CFE0000700000000000000D4CFD0C076000C0085
:10CFF000D4CFD0C07A000C00E001FEC1FFB877C6E4
:10D00000D803FFE17FF80FBC31E6DEF13FF8077887
:10D0100000000000F8CFD0C0190000000E00000092
:10D020000E00000000000000F003FFE3FFF97FFFA7
:10D03000FB7F7C8F8FF107FEC3EFF9F97FFC0FFCBC
:10D040000000000028D0D0C0190000000E00000031
:10D050000E00000000000000B8CFD0C002000C009D
:10D06000A19BD0C00000000001000000E5A3D0C0DB
:10D07000436F6E6669726D52656A65637400000085
:10D0800009211101000122220006A0FF0901A101CE
:10D090000903150026FF007508954081080904154D
:10D0A0000026FF00750895409108C000C9B8D0C09F
:10D0B000D9B8D0C0E9B8D0C0F9B8D0C009B9D0C08B
:10D0C00019B9D0C029B9D0C039B9D0C04DBAD0C073
:10D0D0007BBAD0C0B9B9D0C0000000000000000089
:10D0E00061B8D0C079B8D0C00000000000000000D6
:10D0F0000000000099B9D0C099B9D0C099B9D0C08A
:10D10000A9B9D0C01201000200000040972C011004
:10D11000010201020301040309040E034C0065002F
:10D1200064006700650072000E034E0061006E002F
:10D130006F00200053000A0330003000300031003F
:10D1400009022900010102C03209040000020300A3
:10D15000000209211101000122220007058203407B
:10D160000001070502034000010000000A0600025A
:10D17000000000400100000000000000000000006E
:10D18000A5000000000000000000000000000000FA
:10D19000000000000000000000000000000000008F
:10D1A000000000000000000000000000000000007F
:10D1B000000000000000000000000000000000006F
:10D1C000000000000000000000000000000000005F
:10D1D000000000000000000000000000000000004F
:10D1E000000000000000000000000000000000003F
:10D1F000000000000000000000000000000000002F
:10D20000A500000000000000000000000000000079
:10D21000000000000000000000000000000000000E
:10D2200000000000000000000000000000000000FE
:10D2300000000000000000000000000000000000EE
:10D2400000000000000000000000000000000000DE
:10D2500000000000000000000000000000000000CE
:10D2600000000000000000000000000000000000BE
:10D2700000000000000000000000000000000000AE
:10D280000000D0C00000000000000000000000000E
:10D29000000000000000000000000000000000008E
:10D2A000000000000000000000000000000000007E
:10D2B000000000000000000000000000000000006E
:04000005C0D0000166
:00000001FF
